1,2.54e-07,0.0261831,0.0314789,0.000162144,false
2,0.0581968,0.0262516,0.0159531,5.3551e-05,false
3,0.0424736,0.0263945,0.0133752,3.8104e-05,false
4,0.0399843,0.0261005,0.0131979,4.0486e-05,false
5,0.0395037,0.0261139,0.0140336,5.502e-05,false
6,0.0403706,0.0259968,0.0132048,3.9839e-05,false
7,0.0393956,0.0257304,0.0118899,3.2394e-05,false
8,0.0377972,0.0256964,0.0128518,3.3997e-05,false
9,0.0387196,0.0280846,0.0107774,2.8422e-05,false
10,0.0390221,0.0285985,0.0108434,2.8871e-05,false
11,0.0396012,0.0301314,0.0107877,2.7318e-05,false
12,0.0410806,0.0299999,0.010902,2.8309e-05,false
13,0.0410586,0.0315959,0.010824,2.9661e-05,false
14,0.0425782,0.031171,0.0107549,2.8443e-05,false
15,0.0420846,0.032698,0.0107555,3.002e-05,false
16,0.0436216,0.0321599,0.0108455,2.8297e-05,false
17,0.0431649,0.0334708,0.0108011,2.9891e-05,false
18,0.0476113,0.0327973,0.0108233,2.9284e-05,false
19,0.0437749,0.0342355,0.010892,2.8544e-05,false
20,0.0452966,0.033564,0.0108494,2.9152e-05,false
21,0.0445736,0.0347359,0.010778,2.8447e-05,false
22,0.0456734,0.0338663,0.0107732,2.9458e-05,false
23,0.0448002,0.0352613,0.0107886,2.9034e-05,false
24,0.0462093,0.0346,0.0108133,2.8705e-05,false
25,0.0455686,0.0357122,0.0108182,2.8305e-05,false
26,0.0466871,0.0344712,0.0107732,2.8485e-05,false
27,0.0454045,0.0359824,0.0107907,2.8113e-05,false
28,0.0469321,0.0348022,0.0108525,2.9552e-05,false
29,0.0458132,0.0364266,0.0108494,2.89e-05,false
30,0.0474345,0.0353646,0.0109351,3.3673e-05,false
31,0.0464609,0.0363896,0.0107638,2.8104e-05,false
32,0.0473128,0.0356556,0.0107591,2.8722e-05,false
33,0.0465737,0.0367786,0.0107636,2.8898e-05,false
34,0.0476992,0.0356138,0.0108201,2.9566e-05,false
35,0.0465926,0.0367645,0.0108173,2.8692e-05,false
36,0.0477406,0.0357049,0.0108599,2.9264e-05,false
37,0.0467237,0.0368326,0.0107969,2.8189e-05,false
38,0.0477856,0.0364435,0.0107635,2.856e-05,false
39,0.0473631,0.0370761,0.0107681,2.9127e-05,false
40,0.0480019,0.0359579,0.0108442,2.8085e-05,false
41,0.0469693,0.0378255,0.0108281,2.7381e-05,false
42,0.0488096,0.0360317,0.0108551,2.8603e-05,false
43,0.0470416,0.0371795,0.01083,3.0497e-05,false
44,0.0481748,0.0361694,0.0107503,2.8663e-05,false
45,0.0470773,0.0372591,0.0108027,2.8656e-05,false
46,0.0482201,0.0362007,0.0107934,2.8268e-05,false
47,0.0471537,0.0373314,0.0108679,2.8247e-05,false
48,0.0483567,0.0364336,0.0108577,2.9255e-05,false
49,0.0474471,0.0373656,0.0108597,2.9053e-05,false
50,0.0483792,0.0364607,0.0107469,2.9946e-05,false
51,0.0473696,0.037514,0.0108096,2.9858e-05,false
52,0.048485,0.0364385,0.0107954,2.8391e-05,false
53,0.0473908,0.0375714,0.0107424,2.8819e-05,false
54,0.048471,0.0366652,0.0107638,2.9205e-05,false
55,0.0475882,0.0375385,0.0108492,2.8515e-05,false
56,0.0485469,0.036683,0.0108251,2.9247e-05,false
57,0.0476692,0.0374855,0.0108579,2.9121e-05,false
58,0.0485017,0.0366757,0.0108352,2.8768e-05,false
59,0.04767,0.0375953,0.0107563,2.9728e-05,false
60,0.0485111,0.0368507,0.0107737,2.8714e-05,false
61,0.047783,0.0376922,0.0107473,2.8805e-05,false
62,0.0485989,0.0376784,0.0107665,2.8925e-05,false
63,0.0486019,0.0376129,0.0108632,2.9966e-05,false
64,0.0486345,0.0369076,0.0108156,2.9402e-05,false
65,0.0478816,0.03772,0.0108355,2.8614e-05,false
66,0.0487132,0.0371076,0.0107705,2.9749e-05,false
67,0.048037,0.0376951,0.0107817,3.0073e-05,false
68,0.0486361,0.0369027,0.010767,3.0011e-05,false
69,0.0478292,0.0377292,0.0107558,2.887e-05,false
70,0.0486437,0.0369239,0.0110145,3.0007e-05,false
71,0.0480979,0.0376279,0.0108563,3.0634e-05,false
72,0.0486474,0.0374666,0.0108404,2.8645e-05,false
73,0.048464,0.037727,0.010855,3.0007e-05,false
74,0.0487414,0.0369446,0.0107879,2.9099e-05,false
75,0.0479005,0.0376841,0.010807,2.8998e-05,false
76,0.0486495,0.0368625,0.0108036,2.9317e-05,false
77,0.0478189,0.0377231,0.0107707,2.8892e-05,false
78,0.0486526,0.0371327,0.0107624,2.9257e-05,false
79,0.0480557,0.037836,0.0108315,2.9792e-05,false
80,0.0488264,0.036952,0.0108418,3.0147e-05,false
81,0.0479525,0.0377121,0.0108186,3.0464e-05,false
82,0.0486896,0.0372129,0.0107835,2.9062e-05,false
83,0.0481791,0.0384971,0.0107588,2.8999e-05,false
84,0.0494271,0.0368941,0.0107612,2.9125e-05,false
85,0.0478164,0.0377859,0.0107631,2.8397e-05,false
86,0.0487059,0.0371709,0.010757,2.8518e-05,false
87,0.0480879,0.0379142,0.0107571,2.725e-05,false
88,0.0488258,0.0371645,0.0108234,2.9334e-05,false
89,0.0481453,0.0377607,0.0108962,2.918e-05,false
90,0.0488148,0.03719,0.010853,2.8854e-05,false
91,0.0482009,0.0377559,0.0107769,2.9752e-05,false
92,0.0486929,0.0371044,0.0107561,2.7425e-05,false
93,0.0480178,0.0383171,0.0107746,2.8918e-05,false
94,0.0492496,0.0371679,0.0107733,2.9789e-05,false
95,0.0480996,0.037928,0.0107669,2.8193e-05,false
96,0.0488539,0.0371418,0.0108369,2.8646e-05,false
97,0.0481379,0.0377538,0.0108373,2.758e-05,false
98,0.0487476,0.0372589,0.01081,2.9645e-05,false
99,0.0482278,0.0377929,0.010924,2.8455e-05,false
100,0.0488719,0.0372138,0.0107583,2.9097e-05,false
101,0.0481311,0.0378137,0.0108016,2.8948e-05,false
102,0.0487859,0.0372387,0.0108017,2.8881e-05,false
103,0.0481998,0.0385833,0.0108429,3.0738e-05,false
104,0.0495869,0.0375726,0.0110452,2.8254e-05,false
105,0.0487757,0.0377779,0.0108837,2.87e-05,false
106,0.0488181,0.037277,0.0109194,2.903e-05,false
107,0.0483567,0.037839,0.0108684,2.9204e-05,false
108,0.0488631,0.0372914,0.0108837,2.8336e-05,false
109,0.0483266,0.0377503,0.0107694,2.8408e-05,false
110,0.0486771,0.0373949,0.0107649,2.8837e-05,false
111,0.0483181,0.0379152,0.0107597,2.962e-05,false
112,0.0488367,0.0375058,0.010749,3.0153e-05,false
113,0.0484157,0.0379837,0.0108189,2.8793e-05,false
114,0.0489648,0.0372453,0.010807,2.9385e-05,false
115,0.0482131,0.0378258,0.0108175,2.8536e-05,false
116,0.0488013,0.0373102,0.0108326,2.85e-05,false
117,0.0483027,0.0377857,0.010823,2.8192e-05,false
118,0.0487628,0.0372152,0.0107556,2.91e-05,false
119,0.0481295,0.0378259,0.0107483,2.8428e-05,false
120,0.0487341,0.0374972,0.0108873,2.8887e-05,false
121,0.0485433,0.03789,0.0107657,2.8766e-05,false
122,0.0488152,0.0372595,0.0107614,2.851e-05,false
123,0.0481794,0.0378004,0.0110198,2.8552e-05,false
124,0.0489762,0.0375369,0.010833,2.8575e-05,false
125,0.048531,0.0377966,0.0108313,2.7719e-05,false
126,0.0487908,0.0372836,0.0108199,3.6779e-05,false
127,0.0482687,0.0378264,0.0107898,2.9242e-05,false
128,0.0487744,0.0374643,0.0107691,2.897e-05,false
129,0.0483913,0.0378901,0.0107734,2.9873e-05,false
130,0.048822,0.0374336,0.0107792,2.8559e-05,false
131,0.0483705,0.0379295,0.0107633,2.893e-05,false
132,0.0488515,0.0374285,0.0108239,2.8694e-05,false
133,0.0484098,0.0378272,0.0108176,2.8147e-05,false
134,0.0488031,0.0381631,0.0108028,2.8584e-05,false
135,0.0491224,0.0378453,0.0108928,2.8524e-05,false
136,0.0488899,0.0374259,0.0108058,3.0047e-05,false
137,0.0483936,0.0378594,0.0107825,2.738e-05,false
138,0.048799,0.037332,0.0107878,3.0331e-05,false
139,0.048279,0.0379077,0.010799,2.9374e-05,false
140,0.0488626,0.0373307,0.0108085,2.8079e-05,false
141,0.0482955,0.0379121,0.0109049,2.8789e-05,false
142,0.0489707,0.0372913,0.0108311,2.7905e-05,false
143,0.0482801,0.0378428,0.0108259,2.898e-05,false
144,0.0488254,0.0378262,0.0108003,2.9163e-05,false
145,0.048785,0.0379363,0.0107668,2.8697e-05,false
146,0.048862,0.0374315,0.0107595,2.9298e-05,false
147,0.0483512,0.0378723,0.0107671,2.7651e-05,false
148,0.0487971,0.0374324,0.0109142,2.9629e-05,false
149,0.0485031,0.0378772,0.0107508,3.0349e-05,false
150,0.0487879,0.0372757,0.0108216,2.8884e-05,false
151,0.0482553,0.0378491,0.0108398,2.9941e-05,false
152,0.0488514,0.0373849,0.0108116,2.7214e-05,false
153,0.0483524,0.0380372,0.0108576,2.9412e-05,false
154,0.049051,0.0374359,0.010817,2.949e-05,false
155,0.0484092,0.037835,0.0107709,2.8448e-05,false
156,0.0487647,0.0374374,0.0107537,2.9105e-05,false
157,0.0483516,0.0378584,0.0107437,2.8059e-05,false
158,0.0487587,0.0373757,0.0107603,2.9007e-05,false
159,0.0483036,0.0378215,0.0108276,2.9266e-05,false
160,0.0488083,0.0374074,0.0108193,2.8829e-05,false
161,0.0483842,0.0378705,0.0108248,3.2864e-05,false
162,0.0489096,0.0373455,0.0108373,2.8873e-05,false
163,0.0483522,0.0378087,0.0107572,2.8786e-05,false
164,0.0487247,0.0373107,0.0107579,2.8422e-05,false
165,0.0482252,0.0380349,0.0108007,2.7977e-05,false
166,0.0490032,0.0374196,0.0107624,2.9944e-05,false
167,0.0483443,0.0379073,0.0107539,2.8217e-05,false
168,0.048819,0.0374068,0.0108244,2.8903e-05,false
169,0.048387,0.0378955,0.0108631,3.053e-05,false
170,0.0489195,0.0374426,0.0108416,3.0481e-05,false
171,0.0484428,0.0377972,0.0108821,2.9714e-05,false
172,0.0488351,0.0374274,0.0108029,2.8683e-05,false
173,0.0483871,0.0378732,0.0108126,2.9814e-05,false
174,0.0488422,0.0375165,0.0108107,2.9207e-05,false
175,0.0484845,0.0389362,0.0108294,2.8578e-05,false
176,0.049931,0.037483,0.010796,2.7286e-05,false
177,0.0484292,0.0378683,0.0108238,2.8537e-05,false
178,0.0488494,0.0374341,0.0108189,2.9212e-05,false
179,0.0484114,0.0378156,0.010813,2.8428e-05,false
180,0.0487853,0.0373634,0.01083,2.8067e-05,false
181,0.0483504,0.0378105,0.0107508,2.9633e-05,false
182,0.048723,0.0375976,0.0107956,2.9711e-05,false
183,0.0485508,0.0378463,0.0107609,2.8873e-05,false
184,0.0487653,0.0374187,0.0107579,2.8313e-05,false
185,0.0483351,0.0379649,0.0108962,2.9791e-05,false
186,0.0490188,0.0374748,0.010823,2.9252e-05,false
187,0.0484576,0.0378354,0.0108041,2.7373e-05,false
188,0.0487946,0.0373362,0.0108089,2.867e-05,false
189,0.0483024,0.0378488,0.0109591,2.965e-05,false
190,0.0489648,0.0374841,0.0107746,2.9026e-05,false
191,0.0484181,0.0378749,0.0107694,2.8447e-05,false
192,0.0488038,0.0375007,0.0108752,2.9049e-05,false
193,0.0485323,0.037892,0.0107512,2.9535e-05,false
194,0.0488013,0.0375288,0.0107633,2.9097e-05,false
195,0.0484508,0.0378474,0.0110395,2.856e-05,false
196,0.0490427,0.0375789,0.0108209,2.9936e-05,false
197,0.0485583,0.0378068,0.0109276,2.9648e-05,false
198,0.0488923,0.0373858,0.0108321,2.9619e-05,false
199,0.0483746,0.0378394,0.0107788,2.9809e-05,false
200,0.0487765,0.0374663,0.010785,2.8499e-05,false
201,0.0484085,0.0379147,0.0107654,2.8799e-05,false
202,0.0488395,0.0375956,0.0107865,2.678e-05,false
203,0.0485372,0.0379532,0.0107688,2.9351e-05,false
204,0.0488796,0.0374145,0.0108728,2.9102e-05,false
205,0.0484452,0.037825,0.0108753,2.8701e-05,false
206,0.0488562,0.0379356,0.0108695,2.8289e-05,false
207,0.0489646,0.0379214,0.0108443,2.757e-05,false
208,0.0489201,0.0373396,0.01081,2.8775e-05,false
209,0.0483088,0.0379883,0.011364,2.8795e-05,false
210,0.0495093,0.0376186,0.0108017,2.8784e-05,false
211,0.0485765,0.0378351,0.0108063,2.98e-05,false
212,0.0487941,0.0375197,0.0107714,2.8366e-05,false
213,0.048447,0.037899,0.0107695,3.6914e-05,false
214,0.0488958,0.0374549,0.0108365,2.9052e-05,false
215,0.0484527,0.0378316,0.0108025,2.8692e-05,false
216,0.0487911,0.0380694,0.0108724,2.8869e-05,false
217,0.0490988,0.0379557,0.0108383,2.9074e-05,false
218,0.0489521,0.0373405,0.010785,2.9361e-05,false
219,0.0482839,0.0378415,0.0107643,2.9421e-05,false
220,0.0487625,0.0374678,0.0107704,2.8467e-05,false
221,0.0483943,0.037889,0.0107584,3.0319e-05,false
222,0.0488094,0.0375124,0.0107536,2.9713e-05,false
223,0.0484264,0.0379747,0.010842,2.8921e-05,false
224,0.0489736,0.0374616,0.0108246,2.9572e-05,false
225,0.0484443,0.0378243,0.0108237,2.9602e-05,false
226,0.0488046,0.0377476,0.0108613,2.9389e-05,false
227,0.0487679,0.0384954,0.0107577,2.9652e-05,false
228,0.0494129,0.037504,0.0107581,2.8038e-05,false
229,0.048424,0.0378258,0.0107705,2.8776e-05,false
230,0.0487614,0.0374863,0.0108346,2.8888e-05,false
231,0.0484787,0.0378829,0.0107686,2.941e-05,false
232,0.0488133,0.0375586,0.0107642,2.8622e-05,false
233,0.0484816,0.0378423,0.010904,2.9203e-05,false
234,0.0489119,0.0374768,0.010816,2.8389e-05,false
235,0.0484519,0.0380578,0.0108189,2.8265e-05,false
236,0.0490338,0.0374932,0.0109974,3.1501e-05,false
237,0.0486523,0.0386216,0.0107711,2.7402e-05,false
238,0.0495489,0.0373525,0.0108714,2.9562e-05,false
239,0.0483808,0.0378918,0.0107463,2.8491e-05,false
240,0.0487959,0.0374828,0.010757,2.8039e-05,false
241,0.0483992,0.0378672,0.0108058,2.9657e-05,false
242,0.0488339,0.0374528,0.0108593,2.8187e-05,false
243,0.0484715,0.0378123,0.0109836,2.8454e-05,false
244,0.0489529,0.0374997,0.0108358,3.8784e-05,false
245,0.0485014,0.0378058,0.0108607,2.8244e-05,false
246,0.0488225,0.0374813,0.0108069,2.8994e-05,false
247,0.0484597,0.038681,0.0108243,2.7838e-05,false
248,0.0496613,0.037634,0.010798,2.8519e-05,false
249,0.0485847,0.0378294,0.0107607,2.8566e-05,false
250,0.0487465,0.0374927,0.0107646,2.8378e-05,false
251,0.0484162,0.037941,0.0107684,2.8443e-05,false
252,0.0488687,0.0374098,0.0108207,2.7904e-05,false
253,0.0483876,0.0378158,0.0108382,2.9328e-05,false
254,0.0488124,0.0373777,0.0108163,2.8512e-05,false
255,0.0483505,0.037805,0.0107597,2.836e-05,false
256,0.0487236,0.0375264,0.0107567,2.9294e-05,false
257,0.0484451,0.0384818,0.0107914,2.8281e-05,false
258,0.0494319,0.0375872,0.0107741,2.9501e-05,false
259,0.0485194,0.0379282,0.0107443,2.8407e-05,false
260,0.0488302,0.0375626,0.0107516,2.8322e-05,false
261,0.0484726,0.0378454,0.0108221,2.9267e-05,false
262,0.0488303,0.037511,0.0108157,2.7543e-05,false
263,0.0484829,0.0378686,0.0108198,2.8895e-05,false
264,0.048845,0.037586,0.0108322,5.1187e-05,false
265,0.048596,0.0379054,0.010762,2.8295e-05,false
266,0.0488254,0.0374718,0.0107697,2.9022e-05,false
267,0.0484003,0.03809,0.0107938,2.9743e-05,false
268,0.0490439,0.0376551,0.0107744,2.9144e-05,false
269,0.048585,0.0379144,0.0107668,2.8662e-05,false
270,0.0488397,0.0374078,0.0108237,2.7861e-05,false
271,0.048388,0.0378182,0.0108326,2.9387e-05,false
272,0.0488127,0.0374241,0.0108115,2.8115e-05,false
273,0.0483919,0.0378462,0.0108514,2.8261e-05,false
274,0.0488521,0.0373959,0.010759,2.8173e-05,false
275,0.048312,0.0379262,0.0107589,2.8573e-05,false
276,0.0488432,0.0376052,0.010806,2.9361e-05,false
277,0.0485732,0.0378454,0.0109607,5.2231e-05,false
278,0.0489838,0.0378426,0.0107972,2.9714e-05,false
279,0.0488096,0.037792,0.0109775,2.9539e-05,false
280,0.0489253,0.037455,0.010869,2.9104e-05,false
281,0.048482,0.0378236,0.0108623,2.9386e-05,false
282,0.0488438,0.0373987,0.0108856,2.8839e-05,false
283,0.048439,0.0378115,0.0108916,2.8149e-05,false
284,0.0488548,0.0374133,0.0108582,2.8899e-05,false
285,0.0484388,0.0379942,0.0107609,2.8391e-05,false
286,0.048911,0.0375261,0.0107642,2.8353e-05,false
287,0.0484495,0.0378466,0.0107598,2.8156e-05,false
288,0.0487621,0.0380921,0.0108138,3.0053e-05,false
289,0.0490652,0.0379195,0.0108161,2.8021e-05,false
290,0.0488939,0.0374453,0.0107986,2.9495e-05,false
291,0.0484009,0.0377997,0.010823,2.9146e-05,false
292,0.0487807,0.0375354,0.0107489,2.8676e-05,false
293,0.0484422,0.0378304,0.0107653,2.8578e-05,false
294,0.0487544,0.037536,0.0107455,2.9544e-05,false
295,0.0484401,0.0378856,0.0107639,2.9101e-05,false
296,0.0488086,0.0375393,0.0107639,2.8582e-05,false
297,0.0484607,0.0378553,0.0107762,2.7822e-05,false
298,0.0487898,0.0376906,0.0108204,2.8602e-05,false
299,0.0486669,0.0378164,0.0108005,2.937e-05,false
300,0.0487749,0.0374499,0.01084,2.9301e-05,false
301,0.0484472,0.0378877,0.0107517,2.9094e-05,false
302,0.0487986,0.0375082,0.0107766,2.9289e-05,false
303,0.04844,0.0379516,0.0107781,2.9836e-05,false
304,0.048888,0.0375447,0.0107788,2.8845e-05,false
305,0.0484806,0.0379382,0.0108793,2.8011e-05,false
306,0.0489739,0.0376797,0.0107666,3.0115e-05,false
307,0.0486064,0.037857,0.0108309,2.7904e-05,false
308,0.0488434,0.0375681,0.0110595,2.9446e-05,false
309,0.048785,0.0379788,0.0108463,2.9433e-05,false
310,0.0489818,0.0374837,0.0108816,2.8919e-05,false
311,0.0485223,0.0378509,0.0107509,2.9461e-05,false
312,0.0487618,0.037451,0.0108317,2.9577e-05,false
313,0.0484394,0.0379451,0.0108213,2.9476e-05,false
314,0.0489242,0.0375296,0.0107931,3.0527e-05,false
315,0.0484813,0.0378548,0.0107999,2.9171e-05,false
316,0.0488131,0.0375873,0.0108601,2.9507e-05,false
317,0.0486068,0.0380564,0.010843,2.9248e-05,false
318,0.0490587,0.0374213,0.0108575,2.9212e-05,false
319,0.0484327,0.0387365,0.01091,3.0007e-05,false
320,0.0498007,0.0373877,0.010773,2.86e-05,false
321,0.0483203,0.0379352,0.0107604,2.897e-05,false
322,0.0488556,0.0374383,0.0107542,2.8133e-05,false
323,0.048351,0.0379135,0.0107516,2.8792e-05,false
324,0.0488238,0.0375257,0.0107689,2.9039e-05,false
325,0.0484528,0.0378582,0.0109705,2.8609e-05,false
326,0.0489866,0.0375658,0.0108299,2.9488e-05,false
327,0.0485571,0.0378464,0.0108355,2.8852e-05,false
328,0.0488509,0.037518,0.010844,2.9904e-05,false
329,0.0485199,0.0380366,0.0107684,2.9656e-05,false
330,0.0489623,0.0376428,0.010769,2.8412e-05,false
331,0.0485685,0.0378892,0.0107679,2.9973e-05,false
332,0.0488187,0.0375392,0.0107612,2.8342e-05,false
333,0.0484668,0.0380385,0.0107523,2.8341e-05,false
334,0.0489552,0.0375964,0.0107591,2.8651e-05,false
335,0.0485135,0.0378219,0.010852,2.926e-05,false
336,0.0488334,0.0375791,0.0108289,2.9336e-05,false
337,0.0485684,0.0378302,0.0108496,2.9328e-05,false
338,0.0488377,0.0374814,0.0107802,2.8764e-05,false
339,0.0484214,0.0383016,0.0107805,2.9242e-05,false
340,0.049239,0.0375407,0.0107576,2.9435e-05,false
341,0.0484556,0.0380575,0.0107701,2.9294e-05,false
342,0.0489874,0.0375223,0.0107726,2.7933e-05,false
343,0.0484508,0.0379264,0.0107686,2.8779e-05,false
344,0.0488526,0.037505,0.010855,2.9248e-05,false
345,0.0485173,0.0378546,0.0108493,2.8982e-05,false
346,0.0488574,0.0375844,0.0112314,2.9701e-05,false
347,0.0489721,0.0379379,0.0108405,2.9268e-05,false
348,0.0489369,0.0374652,0.0107605,2.9544e-05,false
349,0.048386,0.037866,0.0110717,2.9358e-05,false
350,0.0490964,0.0382401,0.0108097,2.8592e-05,false
351,0.0492057,0.0379101,0.010818,2.8867e-05,false
352,0.0488913,0.0375353,0.0107993,2.904e-05,false
353,0.0484925,0.0378238,0.0107969,2.9455e-05,false
354,0.0487791,0.0378267,0.0108559,2.9021e-05,false
355,0.0488416,0.0378028,0.0108481,2.8272e-05,false
356,0.0488071,0.0374629,0.0108574,2.9163e-05,false
357,0.0484829,0.037949,0.0107646,2.7716e-05,false
358,0.0489243,0.0375879,0.0108897,3.0782e-05,false
359,0.0486396,0.0379012,0.0107685,2.9514e-05,false
360,0.0488293,0.0377158,0.010762,2.8951e-05,false
361,0.0486365,0.0378657,0.0107716,2.8669e-05,false
362,0.0487965,0.0375937,0.010755,2.8654e-05,false
363,0.0485081,0.0378351,0.0108288,2.9031e-05,false
364,0.0488215,0.0374964,0.0108097,2.9334e-05,false
365,0.0484635,0.0379082,0.0108172,2.8188e-05,false
366,0.0488825,0.0375443,0.0108287,2.853e-05,false
367,0.0485313,0.0379945,0.0107666,2.9023e-05,false
368,0.0489196,0.0374955,0.0107668,3.0128e-05,false
369,0.048422,0.0379148,0.0107664,2.9846e-05,false
370,0.0488395,0.0381354,0.0107919,2.9396e-05,false
371,0.0490868,0.0380154,0.0107498,2.9564e-05,false
372,0.0489257,0.0374988,0.0108256,3.06e-05,false
373,0.0484839,0.0378292,0.0108179,2.9499e-05,false
374,0.0488074,0.037525,0.0108439,2.9273e-05,false
375,0.0485254,0.0378486,0.0108351,2.9057e-05,false
376,0.0488404,0.037418,0.0107807,2.9218e-05,false
377,0.0483605,0.0379231,0.0107933,2.9132e-05,false
378,0.0488732,0.0375187,0.0107634,2.9421e-05,false
379,0.0484489,0.0378534,0.0108115,2.9545e-05,false
380,0.0488218,0.0378231,0.010821,2.9091e-05,false
381,0.0488014,0.0378218,0.0108764,2.8542e-05,false
382,0.0488559,0.0375354,0.0108428,2.7527e-05,false
383,0.0485356,0.0378794,0.0108251,2.9521e-05,false
384,0.0488648,0.0374169,0.0108502,2.8576e-05,false
385,0.0484239,0.0378119,0.0108053,2.889e-05,false
386,0.0487764,0.0376008,0.0107996,2.9657e-05,false
387,0.0485616,0.0379226,0.0109106,2.9024e-05,false
388,0.0489897,0.0375536,0.0107946,2.9251e-05,false
389,0.0485054,0.037903,0.010791,2.8884e-05,false
390,0.0488613,0.0375463,0.0109899,2.9831e-05,false
391,0.0486942,0.038989,0.0109542,2.8089e-05,false
392,0.0501004,0.0373472,0.0109029,2.8891e-05,false
393,0.0484026,0.0378382,0.0108799,2.9149e-05,false
394,0.0488789,0.0374779,0.0108383,2.878e-05,false
395,0.048471,0.0379066,0.0107659,2.9797e-05,false
396,0.0488305,0.0375028,0.0107624,2.9284e-05,false
397,0.048425,0.0378966,0.0107736,2.9537e-05,false
398,0.0488295,0.037541,0.0107557,2.8336e-05,false
399,0.0484549,0.0381214,0.0107692,2.8787e-05,false
400,0.0490488,0.0374818,0.0108646,2.8288e-05,false
401,0.0485016,0.0382643,0.0108446,2.9427e-05,false
402,0.0492694,0.0374295,0.0108413,2.8848e-05,false
403,0.0484294,0.0378987,0.0108415,2.951e-05,false
404,0.0488966,0.03739,0.0107563,3.072e-05,false
405,0.0483068,0.0379176,0.0107644,2.8223e-05,false
406,0.0488376,0.0375626,0.0107638,2.8691e-05,false
407,0.0484853,0.037911,0.0107613,2.7419e-05,false
408,0.0488278,0.0376271,0.0107859,2.9951e-05,false
409,0.0485793,0.0378466,0.0108357,2.9627e-05,false
410,0.048841,0.0374856,0.0108205,3.0072e-05,false
411,0.0484662,0.0382262,0.0108183,2.9839e-05,false
412,0.0492063,0.037601,0.0108297,2.9364e-05,false
413,0.0485873,0.0378357,0.0107852,3.0034e-05,false
414,0.0487785,0.0375875,0.010788,2.856e-05,false
415,0.048532,0.0379116,0.0107878,2.8321e-05,false
416,0.0488581,0.0375243,0.0107674,2.9507e-05,false
417,0.0484619,0.0378868,0.0107899,2.8799e-05,false
418,0.0488359,0.0376451,0.0108031,3.0001e-05,false
419,0.0486052,0.0378761,0.010844,2.9067e-05,false
420,0.048878,0.037517,0.0108394,2.9339e-05,false
421,0.048515,0.0381366,0.0108501,2.9477e-05,false
422,0.0491577,0.0373869,0.0109022,2.9176e-05,false
423,0.0484484,0.0378577,0.0108225,2.8322e-05,false
424,0.0488366,0.0375125,0.0107869,2.8543e-05,false
425,0.0484556,0.0378664,0.010802,2.9089e-05,false
426,0.0488258,0.0374311,0.0107952,2.9088e-05,false
427,0.0483854,0.037899,0.0107929,2.9372e-05,false
428,0.0488486,0.0374448,0.0108876,2.8116e-05,false
429,0.0484853,0.0378807,0.0108242,2.8422e-05,false
430,0.0488926,0.0374367,0.0108346,2.8634e-05,false
431,0.0484317,0.037846,0.0110182,2.8644e-05,false
432,0.0490227,0.0376209,0.0107675,2.6864e-05,false
433,0.048545,0.0378506,0.0107819,2.8857e-05,false
434,0.0487867,0.0374823,0.0107486,2.8639e-05,false
435,0.0483992,0.0379061,0.0107777,2.8023e-05,false
436,0.0488405,0.037526,0.0107628,2.8815e-05,false
437,0.0484526,0.0378454,0.0108326,2.9253e-05,false
438,0.0488428,0.037363,0.010818,2.8312e-05,false
439,0.0483393,0.0379321,0.0108074,2.8438e-05,false
440,0.0488954,0.037554,0.0109025,2.9119e-05,false
441,0.0486122,0.0378132,0.010754,2.9402e-05,false
442,0.0487271,0.0376588,0.0107698,2.696e-05,false
443,0.0485864,0.0378706,0.0107597,2.9281e-05,false
444,0.0487882,0.0376344,0.0107862,2.9328e-05,false
445,0.0485784,0.0379267,0.0107449,2.872e-05,false
446,0.0488302,0.0374105,0.0108232,2.8645e-05,false
447,0.0483937,0.0378483,0.0108191,2.8409e-05,false
448,0.0488239,0.0374127,0.0108372,2.9144e-05,false
449,0.048405,0.0379645,0.0108518,3.087e-05,false
450,0.0489735,0.0374092,0.0109521,2.9205e-05,false
451,0.0485204,0.0378793,0.0107538,2.9117e-05,false
452,0.0487943,0.0380463,0.0108056,2.7532e-05,false
453,0.0490096,0.0379528,0.0107733,2.9319e-05,false
454,0.0488837,0.0375194,0.010777,2.9867e-05,false
455,0.0484538,0.0378492,0.0108337,3.4485e-05,false
456,0.0488473,0.037429,0.0109891,2.9332e-05,false
457,0.0485766,0.03784,0.0108742,2.8571e-05,false
458,0.0488723,0.0374184,0.0108791,2.8359e-05,false
459,0.0484523,0.0378273,0.0112613,3.1075e-05,false
460,0.0492538,0.0375193,0.0107941,2.8214e-05,false
461,0.0484714,0.0379331,0.0107863,2.7984e-05,false
462,0.0488793,0.0377176,0.0108759,2.9632e-05,false
463,0.0487522,0.0381073,0.0108133,2.8903e-05,false
464,0.0490766,0.0375395,0.0108113,2.9842e-05,false
465,0.048504,0.0378228,0.0108463,2.798e-05,false
466,0.0488252,0.0375536,0.0108229,2.9642e-05,false
467,0.0485388,0.0378572,0.0108373,2.8503e-05,false
468,0.0488608,0.0375468,0.0108389,2.9075e-05,false
469,0.0485436,0.0379295,0.010749,2.8947e-05,false
470,0.0488384,0.0376434,0.0107587,2.9078e-05,false
471,0.048562,0.0378779,0.0107733,3.0157e-05,false
472,0.0488137,0.03758,0.0109287,3.025e-05,false
473,0.0486647,0.0387114,0.0107944,2.9729e-05,false
474,0.0496633,0.0375638,0.010844,2.8269e-05,false
475,0.0485661,0.0378286,0.0108345,3.0033e-05,false
476,0.0488234,0.0374459,0.0108325,2.8597e-05,false
477,0.0484387,0.037917,0.0108312,2.8058e-05,false
478,0.0489048,0.0375593,0.0107618,2.8667e-05,false
479,0.0484791,0.0378901,0.0107656,2.7988e-05,false
480,0.0488128,0.0375948,0.0107662,2.915e-05,false
481,0.04852,0.0380822,0.0107631,2.9174e-05,false
482,0.0490065,0.0377202,0.0107479,2.926e-05,false
483,0.0486283,0.0392484,0.0107732,2.8553e-05,false
484,0.0501789,0.0375905,0.0108431,2.9429e-05,false
485,0.0485923,0.037876,0.0108415,2.8444e-05,false
486,0.0488754,0.0374895,0.0108445,2.9654e-05,false
487,0.0484941,0.0378349,0.0108557,2.8669e-05,false
488,0.048848,0.0375298,0.0107683,2.9271e-05,false
489,0.0484576,0.0378941,0.010768,2.8791e-05,false
490,0.048834,0.0376957,0.0107735,2.966e-05,false
491,0.0486273,0.0378412,0.0107614,2.9102e-05,false
492,0.0487639,0.0375362,0.010772,2.7923e-05,false
493,0.0484662,0.038672,0.0108014,2.9731e-05,false
494,0.049633,0.037757,0.0108061,2.8658e-05,false
495,0.048722,0.0378231,0.0108232,2.8803e-05,false
496,0.0488039,0.0374564,0.0108759,2.8391e-05,false
497,0.0484906,0.037807,0.0109642,2.808e-05,false
498,0.0489895,0.0374748,0.0107976,2.8234e-05,false
499,0.0484536,0.0378648,0.0108185,2.776e-05,false
500,0.0488393,0.0375536,0.0109129,2.8994e-05,false
501,0.0486233,0.0378363,0.0107974,2.9831e-05,false
502,0.0487938,0.0375995,0.0107926,2.8016e-05,false
503,0.0485454,0.037958,0.0108473,2.8617e-05,false
504,0.0489645,0.0375302,0.0108235,2.8831e-05,false
505,0.0485097,0.0378847,0.0108761,2.8318e-05,false
506,0.0489177,0.0374992,0.0108198,2.9162e-05,false
507,0.0484759,0.0378267,0.0107526,2.8884e-05,false
508,0.0487405,0.0375355,0.0107658,2.9328e-05,false
509,0.0484602,0.0378858,0.0107587,2.9699e-05,false
510,0.048801,0.0375607,0.0108034,2.8307e-05,false
511,0.0485222,0.0379625,0.0107578,2.8829e-05,false
512,0.0488809,0.0373933,0.0108422,2.8894e-05,false
513,0.0483953,0.0378318,0.0109593,4.6247e-05,false
514,0.0490178,0.0374159,0.0108207,2.858e-05,false
515,0.0484181,0.0378667,0.010842,2.9174e-05,false
516,0.0488646,0.0374413,0.0107608,2.8507e-05,false
517,0.0483605,0.0379994,0.010811,2.9058e-05,false
518,0.0489659,0.0376068,0.0107601,2.904e-05,false
519,0.0485256,0.0378998,0.0107577,2.9003e-05,false
520,0.0488149,0.0375129,0.0107619,2.8877e-05,false
521,0.0484336,0.0379336,0.0109557,2.9673e-05,false
522,0.0490489,0.0374008,0.0109351,2.952e-05,false
523,0.0484944,0.0378268,0.0108571,2.94e-05,false
524,0.0488414,0.0381321,0.0108539,2.8475e-05,false
525,0.0491426,0.0379477,0.0112211,2.8958e-05,false
526,0.0493276,0.0376651,0.0108078,3.0355e-05,false
527,0.0486347,0.037955,0.0107666,2.8328e-05,false
528,0.048879,0.0375557,0.0107869,2.8506e-05,false
529,0.0484998,0.0378883,0.0107602,2.8555e-05,false
530,0.048807,0.03755,0.010756,2.8901e-05,false
531,0.0484652,0.0379512,0.010847,2.7933e-05,false
532,0.0489557,0.0374306,0.0108362,2.8097e-05,false
533,0.0484228,0.0377841,0.0108661,2.9299e-05,false
534,0.0488074,0.0379547,0.0109404,2.9646e-05,false
535,0.0490533,0.0378887,0.0108009,2.8008e-05,false
536,0.048845,0.0375303,0.0107834,3.8537e-05,false
537,0.0484827,0.0378355,0.0108047,2.8722e-05,false
538,0.0487977,0.0374982,0.0113782,2.8664e-05,false
539,0.0490277,0.0378006,0.0107995,2.8779e-05,false
540,0.0487529,0.0375208,0.0108298,2.9505e-05,false
541,0.0485139,0.0378071,0.0108884,3.041e-05,false
542,0.0488703,0.0374689,0.0108239,2.7849e-05,false
543,0.0484494,0.0378383,0.0108378,3.0112e-05,false
544,0.0488324,0.0375402,0.0108342,2.9721e-05,false
545,0.0485326,0.0380919,0.010763,2.9761e-05,false
546,0.0490137,0.0376131,0.0107662,2.8486e-05,false
547,0.0485354,0.0378814,0.0107603,3.0272e-05,false
548,0.0487996,0.0375601,0.0107588,2.9592e-05,false
549,0.0484776,0.0378388,0.0108238,2.9533e-05,false
550,0.04882,0.0375117,0.0108242,2.8617e-05,false
551,0.0484941,0.0379109,0.0108442,3.0197e-05,false
552,0.048918,0.0375566,0.0108249,2.7941e-05,false
553,0.0485375,0.0378348,0.0107508,2.9167e-05,false
554,0.0487441,0.0374971,0.0107578,2.9572e-05,false
555,0.0484166,0.0381077,0.0108615,2.8416e-05,false
556,0.0491268,0.0375613,0.0107543,2.9575e-05,false
557,0.048477,0.0379092,0.0107487,2.9702e-05,false
558,0.0488187,0.0376045,0.0107534,2.9537e-05,false
559,0.0485156,0.0379432,0.0108121,3.1096e-05,false
560,0.0489137,0.0375044,0.0108333,2.8392e-05,false
561,0.0484936,0.0378173,0.0108156,2.8817e-05,false
562,0.0487912,0.0374421,0.0107715,2.9041e-05,false
563,0.0483723,0.0380777,0.0107629,2.9145e-05,false
564,0.0490004,0.0375954,0.0107612,2.9232e-05,false
565,0.0485149,0.0380318,0.0107808,2.9901e-05,false
566,0.0489707,0.0375477,0.0107528,2.8643e-05,false
567,0.0484601,0.03796,0.0107611,2.8062e-05,false
568,0.0488795,0.0374304,0.0108773,2.9791e-05,false
569,0.0484655,0.037863,0.0108388,2.9263e-05,false
570,0.0488595,0.0374425,0.0108429,2.9682e-05,false
571,0.0484551,0.0378068,0.0108475,2.8912e-05,false
572,0.0488117,0.0375923,0.0108181,2.9382e-05,false
573,0.0485665,0.0378376,0.0108088,2.9795e-05,false
574,0.048805,0.0375823,0.0107855,2.8636e-05,false
575,0.0485203,0.0384378,0.0108259,3.0317e-05,false
576,0.0494204,0.0379118,0.0107761,2.7957e-05,false
577,0.0488453,0.037845,0.0108402,2.8964e-05,false
578,0.0488449,0.0374266,0.0108286,2.9792e-05,false
579,0.0484138,0.0378585,0.0109487,2.8647e-05,false
580,0.0489638,0.0375046,0.0108222,2.8999e-05,false
581,0.0484827,0.0378484,0.0107755,2.8881e-05,false
582,0.0487832,0.0375617,0.0107723,2.9043e-05,false
583,0.048495,0.0379767,0.0107707,2.9542e-05,false
584,0.0489082,0.0375361,0.010784,2.9541e-05,false
585,0.0484782,0.0378941,0.0110214,2.9438e-05,false
586,0.0490755,0.0380602,0.0107677,2.8743e-05,false
587,0.0489875,0.0378264,0.0109556,2.8133e-05,false
588,0.0489399,0.0375203,0.01083,2.9195e-05,false
589,0.0485093,0.0378039,0.0108317,2.8087e-05,false
590,0.0487932,0.0375105,0.0107824,2.8765e-05,false
591,0.0484509,0.037902,0.0107536,2.854e-05,false
592,0.0488166,0.0375608,0.0109095,2.7966e-05,false
593,0.048627,0.0380288,0.0107551,2.8909e-05,false
594,0.0489424,0.0375553,0.0107616,2.8711e-05,false
595,0.048474,0.0379127,0.0107642,2.9253e-05,false
596,0.0488366,0.0387328,0.0108564,2.8489e-05,false
597,0.0497502,0.0377893,0.0108401,2.7743e-05,false
598,0.0487867,0.0375353,0.0108204,3.0004e-05,false
599,0.0485172,0.0377979,0.0108842,2.9385e-05,false
600,0.0488397,0.0375611,0.010775,2.8931e-05,false
601,0.0484952,0.037847,0.0107623,2.9686e-05,false
602,0.0487721,0.0375882,0.0107741,2.9806e-05,false
603,0.048521,0.0379557,0.0107735,2.9112e-05,false
604,0.0488874,0.0376562,0.0107568,2.8697e-05,false
605,0.0485717,0.0378901,0.0109579,2.9129e-05,false
606,0.0490073,0.0381869,0.0108484,2.9476e-05,false
607,0.0491963,0.0378564,0.0108562,2.8657e-05,false
608,0.0488674,0.0377888,0.0108926,2.8607e-05,false
609,0.0488382,0.0377937,0.0108511,2.8865e-05,false
610,0.0488005,0.0374825,0.0108162,3.0061e-05,false
611,0.0484555,0.0378796,0.0107917,2.9771e-05,false
612,0.0488309,0.0375635,0.010801,2.9755e-05,false
613,0.0485151,0.037919,0.0109029,2.9351e-05,false
614,0.0489797,0.0375906,0.0107617,2.9913e-05,false
615,0.0485101,0.0378055,0.0109361,2.8942e-05,false
616,0.0488997,0.0376821,0.0108079,2.8636e-05,false
617,0.0486513,0.0379074,0.0108322,2.9458e-05,false
618,0.0488969,0.0375315,0.0109301,2.9157e-05,false
619,0.0486167,0.0378365,0.0108579,2.7083e-05,false
620,0.0488452,0.0375436,0.0107591,2.7245e-05,false
621,0.0484514,0.0379318,0.0106211,2.7158e-05,false
622,0.0487053,0.0375529,0.0106606,2.5643e-05,false
623,0.0483611,0.0378571,0.0106248,2.7031e-05,false
624,0.0486333,0.0376579,0.0106995,2.668e-05,false
625,0.0485064,0.03797,0.0107281,2.6713e-05,false
626,0.0488472,0.0375282,0.0109043,2.771e-05,false
627,0.0485813,0.0379551,0.0107368,2.6607e-05,false
628,0.0488402,0.0375211,0.0122607,5.3547e-05,false
629,0.0500036,0.037847,0.0106393,2.7044e-05,false
630,0.0486378,0.0375521,0.0106513,2.7966e-05,false
631,0.0483566,0.0378532,0.0106513,2.8417e-05,false
632,0.0486574,0.0375844,0.0106412,2.814e-05,false
633,0.0483787,0.0378205,0.0107779,2.6341e-05,false
634,0.0487474,0.037564,0.0107159,2.7237e-05,false
635,0.0484304,0.0378218,0.0106896,2.6114e-05,false
636,0.0486597,0.037506,0.0107006,2.6483e-05,false
637,0.0483561,0.0380451,0.0106614,2.7288e-05,false
638,0.0488558,0.0376149,0.0106674,2.7176e-05,false
639,0.0484313,0.0378426,0.010652,2.6544e-05,false
640,0.0486438,0.0375873,0.0106282,2.7921e-05,false
641,0.0483665,0.037925,0.0107087,2.7769e-05,false
642,0.0487838,0.0375243,0.0107423,2.6229e-05,false
643,0.0484148,0.0377793,0.0107371,2.6906e-05,false
644,0.0486666,0.0375219,0.0107196,2.7473e-05,false
645,0.0483926,0.0377967,0.0109435,2.8063e-05,false
646,0.0488921,0.0374934,0.0106884,2.8165e-05,false
647,0.0483304,0.0382515,0.0107458,2.7232e-05,false
648,0.0491418,0.0375588,0.010635,2.8425e-05,false
649,0.0483552,0.0379157,0.0106436,2.725e-05,false
650,0.0487078,0.0376026,0.0106457,2.73e-05,false
651,0.0483973,0.0378351,0.0107244,2.6827e-05,false
652,0.0487173,0.0375192,0.0107219,2.7125e-05,false
653,0.0483898,0.0378351,0.0107064,2.7232e-05,false
654,0.0486916,0.0376366,0.0107987,2.7295e-05,false
655,0.0485833,0.0378134,0.010646,2.6897e-05,false
656,0.0486092,0.0376148,0.010648,2.8416e-05,false
657,0.0484148,0.0380515,0.0106719,2.744e-05,false
658,0.048874,0.0377957,0.0106503,2.7747e-05,false
659,0.0485969,0.0379515,0.0106489,2.6875e-05,false
660,0.0487489,0.0375563,0.0109294,2.7831e-05,false
661,0.0486329,0.0377888,0.0107796,3.5445e-05,false
662,0.0487256,0.0376503,0.0107108,2.7444e-05,false
663,0.0485107,0.037784,0.0107118,2.7721e-05,false
664,0.048645,0.0375338,0.0106548,2.6855e-05,false
665,0.0483389,0.0379077,0.0106364,2.7446e-05,false
666,0.0486946,0.0375554,0.010678,2.7018e-05,false
667,0.0483832,0.0379226,0.0109279,2.7311e-05,false
668,0.0489975,0.0376237,0.0106504,3.7538e-05,false
669,0.0484357,0.037837,0.0108124,2.7362e-05,false
670,0.0487982,0.0375245,0.0107064,2.7339e-05,false
671,0.048381,0.0378554,0.0107115,2.7547e-05,false
672,0.0487175,0.0374985,0.0107187,2.6975e-05,false
673,0.0483654,0.0378196,0.0106476,2.6657e-05,false
674,0.0486174,0.0375763,0.0106692,2.7042e-05,false
675,0.0484234,0.0379613,0.0107081,2.8374e-05,false
676,0.0488248,0.037549,0.0106914,2.7293e-05,false
677,0.0483912,0.0378856,0.0106764,2.7391e-05,false
678,0.0487129,0.0375447,0.0107474,2.7498e-05,false
679,0.0484416,0.0381147,0.0107712,2.7137e-05,false
680,0.0490346,0.0375139,0.0107454,2.7326e-05,false
681,0.0484057,0.0378063,0.0107131,2.695e-05,false
682,0.0486677,0.037552,0.010696,2.5875e-05,false
683,0.0483968,0.0378401,0.0106597,2.7918e-05,false
684,0.0486484,0.0375658,0.0106639,2.6278e-05,false
685,0.0483776,0.0379253,0.010761,2.7293e-05,false
686,0.0488369,0.0375787,0.0106471,2.6631e-05,false
687,0.0483759,0.0379552,0.0107062,2.6454e-05,false
688,0.0488118,0.0378809,0.0107197,3.5553e-05,false
689,0.0487576,0.0378301,0.0107098,2.7366e-05,false
690,0.0486882,0.0375621,0.0107322,2.7059e-05,false
691,0.0484394,0.0378252,0.0106341,2.693e-05,false
692,0.0486092,0.0374331,0.0106484,2.6675e-05,false
693,0.0482314,0.0379314,0.0106329,2.7217e-05,false
694,0.0487165,0.0375464,0.0106279,2.6825e-05,false
695,0.0483275,0.0379944,0.0106322,2.758e-05,false
696,0.0487793,0.0376004,0.010718,2.7621e-05,false
697,0.0484697,0.0378195,0.0107064,2.6629e-05,false
698,0.0486752,0.0374699,0.0108926,2.6584e-05,false
699,0.0485118,0.0378643,0.0106781,4.193e-05,false
700,0.0487251,0.0374698,0.0106686,2.7116e-05,false
701,0.0482885,0.0378499,0.01064,2.6481e-05,false
702,0.0486394,0.03761,0.0106369,2.709e-05,false
703,0.0483976,0.0379717,0.0106456,2.6397e-05,false
704,0.0487666,0.0375774,0.0106528,2.6815e-05,false
705,0.0483792,0.0378517,0.0107203,2.6306e-05,false
706,0.0487212,0.0376645,0.0106852,2.7506e-05,false
707,0.0485002,0.0378062,0.0107363,2.7183e-05,false
708,0.0486909,0.0374388,0.0106644,2.6855e-05,false
709,0.048252,0.038707,0.010672,2.6662e-05,false
710,0.0495288,0.0374927,0.0106756,2.6645e-05,false
711,0.0483183,0.0379551,0.0106749,2.645e-05,false
712,0.0487796,0.0374856,0.0106729,2.7422e-05,false
713,0.0483071,0.0378632,0.0107026,2.7401e-05,false
714,0.048711,0.0374588,0.0106775,2.7372e-05,false
715,0.048284,0.0378712,0.0106775,2.7517e-05,false
716,0.0486987,0.0375945,0.0107226,2.7332e-05,false
717,0.0484734,0.0378171,0.0106371,2.6993e-05,false
718,0.0486025,0.037563,0.0106582,2.6543e-05,false
719,0.0483728,0.0379794,0.0106425,2.7075e-05,false
720,0.0487702,0.0375609,0.0106487,2.7429e-05,false
721,0.0483599,0.0378915,0.0106444,2.8077e-05,false
722,0.0486875,0.037506,0.0106814,2.6865e-05,false
723,0.0483371,0.0378858,0.0108548,2.6659e-05,false
724,0.0488964,0.0374753,0.0107129,2.696e-05,false
725,0.0483375,0.0378328,0.0107114,2.7761e-05,false
726,0.0486921,0.0374882,0.0106595,2.8249e-05,false
727,0.0482968,0.037989,0.010636,2.7086e-05,false
728,0.0487739,0.0376648,0.0106322,2.7752e-05,false
729,0.0484486,0.0380331,0.0106746,2.674e-05,false
730,0.0488577,0.0378542,0.0118182,2.9239e-05,false
731,0.0498241,0.037965,0.0103398,2.8813e-05,false
732,0.0484597,0.0374727,0.010427,2.6766e-05,false
733,0.0480612,0.0378036,0.0104355,2.6748e-05,false
734,0.0483906,0.0374541,0.0105164,2.6231e-05,false
735,0.0481185,0.0378271,0.0103613,2.5369e-05,false
736,0.0483385,0.0375724,0.0103854,2.5464e-05,false
737,0.0481048,0.0379198,0.0103764,2.7718e-05,false
738,0.048446,0.0375454,0.0103467,2.5977e-05,false
739,0.0480415,0.0378784,0.0103708,2.6318e-05,false
740,0.0483994,0.0378261,0.0104611,2.6381e-05,false
741,0.0484459,0.0378227,0.0104501,2.6233e-05,false
742,0.0484226,0.0374752,0.0104863,2.6919e-05,false
743,0.0481099,0.0377955,0.0104087,2.5911e-05,false
744,0.0483517,0.0375378,0.0104245,2.6285e-05,false
745,0.0481084,0.0378372,0.0103668,2.6781e-05,false
746,0.0483544,0.0374533,0.0103461,2.8123e-05,false
747,0.0479517,0.0379038,0.0104077,2.6791e-05,false
748,0.0484618,0.0375143,0.0104084,2.6954e-05,false
749,0.0480753,0.0378077,0.0104337,2.6952e-05,false
750,0.0483954,0.0380106,0.0104179,2.6673e-05,false
751,0.0485771,0.0378476,0.0103449,2.6519e-05,false
752,0.0483416,0.0376258,0.0103419,2.6097e-05,false
753,0.0481168,0.0379141,0.0103482,2.7471e-05,false
754,0.0484139,0.0375891,0.0103341,2.718e-05,false
755,0.0480749,0.0378692,0.0103549,2.6127e-05,false
756,0.0483729,0.0375207,0.0104099,2.5888e-05,false
757,0.0480792,0.0381142,0.010754,2.6549e-05,false
758,0.0490166,0.0375975,0.0104019,2.6216e-05,false
759,0.0481479,0.037831,0.0103979,2.6169e-05,false
760,0.0483769,0.0376375,0.0103561,2.6928e-05,false
761,0.0481442,0.0379847,0.0103947,2.5913e-05,false
762,0.0485302,0.0375943,0.0103672,2.6901e-05,false
763,0.0481105,0.0379068,0.0103807,2.6281e-05,false
764,0.0484374,0.0374917,0.0104059,2.5705e-05,false
765,0.0480462,0.0378923,0.0104435,2.5969e-05,false
766,0.0484834,0.0374875,0.0104159,2.6358e-05,false
767,0.0480521,0.0378609,0.0103958,2.6667e-05,false
768,0.0484168,0.037665,0.0104015,2.679e-05,false
769,0.0482161,0.0378818,0.0104811,2.7268e-05,false
770,0.0485134,0.037632,0.0104034,2.6371e-05,false
771,0.0481837,0.0381145,0.0104173,2.6719e-05,false
772,0.048679,0.0374507,0.0104783,2.6463e-05,false
773,0.0480736,0.0378923,0.0104326,2.6391e-05,false
774,0.0484753,0.037511,0.0104075,2.668e-05,false
775,0.0480695,0.0378115,0.0103653,2.7512e-05,false
776,0.048328,0.0375612,0.0103542,2.6521e-05,false
777,0.0480654,0.0378896,0.0103319,2.6589e-05,false
778,0.0483719,0.0377617,0.0104016,2.7244e-05,false
779,0.0483155,0.0379387,0.0103414,2.7018e-05,false
780,0.0484302,0.0374841,0.0104056,2.6021e-05,false
781,0.0480402,0.0383919,0.0104161,2.7093e-05,false
782,0.0489591,0.0376772,0.0104103,2.6811e-05,false
783,0.0482373,0.0378408,0.0103789,4.9523e-05,false
784,0.0484082,0.0374736,0.0103637,2.5733e-05,false
785,0.0479859,0.0378908,0.0104934,2.7222e-05,false
786,0.0485325,0.0375648,0.0103546,2.5716e-05,false
787,0.0480691,0.0378463,0.0103638,2.6075e-05,false
788,0.0483594,0.0375762,0.010408,2.6847e-05,false
789,0.0481338,0.0378812,0.010415,2.6718e-05,false
790,0.048448,0.0375741,0.0104329,2.6363e-05,false
791,0.0481567,0.0378119,0.0106773,2.7239e-05,false
792,0.0486407,0.0377641,0.0103589,2.6302e-05,false
793,0.0482838,0.0378295,0.0104796,2.7095e-05,false
794,0.0484588,0.0375339,0.0103708,2.8474e-05,false
795,0.0480578,0.0378574,0.0103932,2.6246e-05,false
796,0.0483996,0.0374984,0.0104326,2.7432e-05,false
797,0.0480812,0.0377724,0.0104616,2.6349e-05,false
798,0.0483835,0.0375013,0.0105496,2.6375e-05,false
799,0.0481994,0.0378754,0.0104745,2.6846e-05,false
800,0.048497,0.0375236,0.0103436,2.6451e-05,false
801,0.048018,0.0379049,0.0103756,2.719e-05,false
802,0.0484311,0.0377567,0.0103369,2.7053e-05,false
803,0.0482443,0.0378929,0.0103763,2.6283e-05,false
804,0.048418,0.0374859,0.0104079,2.5796e-05,false
805,0.0480448,0.0378411,0.0104135,2.611e-05,false
806,0.0484036,0.0376157,0.0104377,2.6491e-05,false
807,0.0482039,0.0378574,0.0104613,2.7308e-05,false
808,0.0484698,0.0375138,0.0103421,2.7275e-05,false
809,0.0480073,0.037898,0.0104834,2.6216e-05,false
810,0.0485298,0.0376129,0.0105493,2.6946e-05,false
811,0.0483109,0.0379032,0.0103609,2.6868e-05,false
812,0.048413,0.0380276,0.0103986,2.6523e-05,false
813,0.0485763,0.0384239,0.0103856,2.6044e-05,false
814,0.048967,0.0375773,0.0104107,2.7507e-05,false
815,0.0481387,0.0378577,0.0104292,2.6284e-05,false
816,0.0484333,0.03756,0.0103555,2.7115e-05,false
817,0.0480664,0.0378578,0.0103925,2.6955e-05,false
818,0.0483986,0.0375744,0.0103645,2.7083e-05,false
819,0.0480887,0.0379368,0.0103913,2.6514e-05,false
820,0.0484765,0.0376577,0.0103753,2.6117e-05,false
821,0.0481798,0.0378008,0.0104225,2.701e-05,false
822,0.0483716,0.0376197,0.0106251,2.6447e-05,false
823,0.0483926,0.0378828,0.0104908,2.7001e-05,false
824,0.0485206,0.0374831,0.0104122,2.6565e-05,false
825,0.0480427,0.0378659,0.0103632,2.6451e-05,false
826,0.048379,0.0375928,0.010387,2.6254e-05,false
827,0.0481277,0.0379168,0.0104078,2.7631e-05,false
828,0.0484745,0.0375839,0.0103766,2.6418e-05,false
829,0.0481033,0.0378456,0.0104273,2.743e-05,false
830,0.0484243,0.0376347,0.0105485,3.6227e-05,false
831,0.0483417,0.0378534,0.0104323,2.6366e-05,false
832,0.0484353,0.0374603,0.01041,2.7984e-05,false
833,0.0480206,0.0385618,0.0103393,2.7299e-05,false
834,0.0490518,0.0375439,0.0103493,2.6342e-05,false
835,0.0480421,0.0379528,0.0103647,2.6756e-05,false
836,0.0484669,0.0375391,0.01034,2.7152e-05,false
837,0.0480285,0.0378386,0.0104038,2.6319e-05,false
838,0.0483921,0.0375185,0.0104406,2.8222e-05,false
839,0.0481106,0.0378582,0.0104058,2.647e-05,false
840,0.0484122,0.0376083,0.0105099,2.6516e-05,false
841,0.0482667,0.0378554,0.0103493,2.6573e-05,false
842,0.0483533,0.037548,0.010336,2.6451e-05,false
843,0.0480349,0.0382709,0.0104098,2.6697e-05,false
844,0.04883,0.0375733,0.0103575,2.6381e-05,false
845,0.0480798,0.037859,0.0104758,2.6687e-05,false
846,0.0484828,0.0374593,0.0104615,2.6211e-05,false
847,0.0480688,0.0378135,0.0104465,2.7185e-05,false
848,0.0484102,0.0377745,0.0103576,2.6751e-05,false
849,0.0482945,0.0378646,0.0103547,2.6588e-05,false
850,0.048381,0.0375824,0.0103767,2.5506e-05,false
851,0.048107,0.0379397,0.0103732,2.6387e-05,false
852,0.048462,0.0376073,0.0103601,2.7541e-05,false
853,0.0481167,0.037819,0.010745,2.7464e-05,false
854,0.0487216,0.0381311,0.0104306,2.5905e-05,false
855,0.0487153,0.0377639,0.0105622,2.66e-05,false
856,0.0484735,0.0374531,0.0105027,2.725e-05,false
857,0.0481013,0.0378113,0.0103714,2.7634e-05,false
858,0.0483337,0.0375403,0.0103635,2.5721e-05,false
859,0.0480532,0.0378319,0.0103942,2.6815e-05,false
860,0.0483757,0.0375033,0.010465,2.7118e-05,false
861,0.048117,0.0379945,0.0103758,2.6157e-05,false
862,0.04852,0.0374778,0.0104039,2.5989e-05,false
863,0.0480316,0.0378415,0.0104132,2.6827e-05,false
864,0.048405,0.0379538,0.0104015,2.6461e-05,false
865,0.0485053,0.0378218,0.0103485,2.6273e-05,false
866,0.0483209,0.0375961,0.0103406,2.5878e-05,false
867,0.0480858,0.0379221,0.0103648,2.5645e-05,false
868,0.0484351,0.0377012,0.0105541,2.6342e-05,false
869,0.0484043,0.0378908,0.0103721,2.6921e-05,false
870,0.0484124,0.0375387,0.0104169,2.6456e-05,false
871,0.0481045,0.0378436,0.0105324,2.6341e-05,false
872,0.0485249,0.0375472,0.0104377,2.655e-05,false
873,0.0481341,0.0378434,0.0103843,2.6693e-05,false
874,0.0483778,0.0378987,0.0104354,2.6641e-05,false
875,0.0484849,0.0379905,0.0103623,2.7057e-05,false
876,0.0485026,0.0375779,0.0103399,2.6621e-05,false
877,0.0480673,0.0378811,0.0103721,2.5704e-05,false
878,0.0484008,0.0375498,0.0104084,2.71e-05,false
879,0.0481089,0.0378174,0.010459,3.4288e-05,false
880,0.0484326,0.0375259,0.0104645,2.677e-05,false
881,0.0481378,0.037865,0.0104213,2.7515e-05,false
882,0.0484347,0.0375851,0.0104132,2.7381e-05,false
883,0.0481466,0.0377922,0.010402,2.6177e-05,false
884,0.0483413,0.0375449,0.0106663,2.6879e-05,false
885,0.0483549,0.0379084,0.010396,2.8677e-05,false
886,0.048455,0.0375194,0.0104338,2.5459e-05,false
887,0.0481009,0.0377727,0.0103999,2.6257e-05,false
888,0.0483205,0.0375317,0.0104573,2.6577e-05,false
889,0.048137,0.0378951,0.0103538,2.6309e-05,false
890,0.0483976,0.0376014,0.0103405,2.6484e-05,false
891,0.0480932,0.0378438,0.0103471,2.6872e-05,false
892,0.0483397,0.0375525,0.0103757,2.6316e-05,false
893,0.0480777,0.0381044,0.0103583,2.6938e-05,false
894,0.0486216,0.0375303,0.0104525,2.6149e-05,false
895,0.0481387,0.0382253,0.0104256,2.6139e-05,false
896,0.0487995,0.0375785,0.010499,2.6365e-05,false
897,0.0482243,0.0379165,0.0103852,2.7105e-05,false
898,0.0484501,0.0374836,0.0103783,2.689e-05,false
899,0.0480118,0.0378597,0.0103625,2.6724e-05,false
900,0.0483708,0.0375816,0.0103427,2.6468e-05,false
901,0.0480743,0.0379382,0.0103662,2.5998e-05,false
902,0.0484538,0.0376292,0.010402,2.9642e-05,false
903,0.0482219,0.0378543,0.010429,2.5734e-05,false
904,0.0484432,0.0374692,0.0104313,2.5983e-05,false
905,0.0480488,0.0381036,0.0103762,2.6452e-05,false
906,0.0486272,0.0375611,0.0103561,2.6671e-05,false
907,0.0480736,0.0378918,0.0103925,2.58e-05,false
908,0.0484302,0.0375539,0.0103728,2.6458e-05,false
909,0.0480759,0.0378884,0.0103907,2.6174e-05,false
910,0.0484273,0.0375245,0.0104967,2.5789e-05,false
911,0.0481695,0.0378159,0.0104816,2.6557e-05,false
912,0.0484455,0.0375512,0.010464,2.7158e-05,false
913,0.0481592,0.0378299,0.0103771,2.6716e-05,false
914,0.0483561,0.0375256,0.0103582,2.6578e-05,false
915,0.048035,0.0379092,0.0103385,2.6887e-05,false
916,0.0484133,0.0380017,0.0104004,2.7508e-05,false
917,0.0485667,0.0379005,0.0104358,2.6907e-05,false
918,0.0484796,0.0375635,0.0104106,2.7011e-05,false
919,0.0481256,0.0378646,0.0104062,3.4479e-05,false
920,0.0484283,0.0374588,0.0103863,3.3945e-05,false
921,0.0480011,0.0378301,0.0103734,2.6739e-05,false
922,0.0483532,0.037611,0.0103753,2.6e-05,false
923,0.0481348,0.0379768,0.0104162,2.7034e-05,false
924,0.048543,0.03748,0.0103507,2.6623e-05,false
925,0.0479809,0.0379485,0.010356,2.6967e-05,false
926,0.0484554,0.0387988,0.0103677,2.7249e-05,false
927,0.0493186,0.0380803,0.0104539,2.6053e-05,false
928,0.0486851,0.0375359,0.0104229,2.6859e-05,false
929,0.0481089,0.037849,0.0104357,2.7045e-05,false
930,0.0484322,0.0375492,0.0104957,2.7063e-05,false
931,0.0481956,0.0378482,0.0103919,2.6838e-05,false
932,0.0483917,0.0375305,0.010355,2.6618e-05,false
933,0.0480356,0.0379105,0.0104008,2.6687e-05,false
934,0.0484597,0.0377076,0.0103696,2.6076e-05,false
935,0.0482241,0.0379213,0.0104259,2.657e-05,false
936,0.0484966,0.0376102,0.010513,2.5959e-05,false
937,0.0482714,0.0378011,0.0104958,2.7371e-05,false
938,0.0484457,0.0375776,0.0103808,2.7304e-05,false
939,0.0481104,0.0378538,0.0103895,2.5867e-05,false
940,0.0483919,0.037486,0.0104053,2.6114e-05,false
941,0.0480353,0.0378466,0.0103362,2.6735e-05,false
942,0.0483336,0.0374704,0.0103346,2.7357e-05,false
943,0.0479551,0.0378465,0.0105757,2.5569e-05,false
944,0.0485858,0.0374675,0.0103956,2.5703e-05,false
945,0.0480205,0.0378225,0.0104358,2.6193e-05,false
946,0.0484052,0.0373696,0.010373,2.7102e-05,false
947,0.0478931,0.0381873,0.010357,2.595e-05,false
948,0.0486923,0.037541,0.0103345,2.6365e-05,false
949,0.0480256,0.0378506,0.0103764,2.6836e-05,false
950,0.0483757,0.0375033,0.0103434,2.6969e-05,false
951,0.0479967,0.0378873,0.0104389,2.6379e-05,false
952,0.0484751,0.0374896,0.010457,2.6907e-05,false
953,0.0480963,0.0378439,0.0104487,2.6406e-05,false
954,0.0484406,0.0375706,0.0104411,2.7506e-05,false
955,0.0481597,0.0378813,0.0103699,2.5722e-05,false
956,0.0484006,0.037587,0.0103477,2.6239e-05,false
957,0.0480855,0.0380681,0.0103489,2.6832e-05,false
958,0.0485665,0.0375973,0.010394,2.6983e-05,false
959,0.0481459,0.0378882,0.0104434,2.7753e-05,false
960,0.0484887,0.0374708,0.010417,2.6157e-05,false
961,0.0480374,0.037806,0.0104636,2.784e-05,false
962,0.0484183,0.0375437,0.0103759,2.7231e-05,false
963,0.0480677,0.0378468,0.0103963,2.6335e-05,false
964,0.0483918,0.0376426,0.0104779,2.6719e-05,false
965,0.0482702,0.0378549,0.010384,2.6761e-05,false
966,0.0483875,0.0375565,0.010416,2.6014e-05,false
967,0.048119,0.0379333,0.0104777,2.668e-05,false
968,0.0485576,0.0376619,0.0104682,2.6931e-05,false
969,0.0482744,0.0378247,0.010499,2.6494e-05,false
970,0.0484718,0.0374893,0.0103501,2.7123e-05,false
971,0.0479888,0.0378323,0.0103746,2.6096e-05,false
972,0.0483555,0.037619,0.0103412,2.6178e-05,false
973,0.048111,0.0378761,0.0103599,2.6175e-05,false
974,0.0483837,0.0375294,0.0103527,2.7433e-05,false
975,0.0480337,0.037886,0.0104278,2.7196e-05,false
976,0.0484755,0.0376111,0.0104458,2.6293e-05,false
977,0.048207,0.0377955,0.0104334,2.6399e-05,false
978,0.0483772,0.0377659,0.0103447,2.7238e-05,false
979,0.0482622,0.0378561,0.0103793,2.7876e-05,false
980,0.0483874,0.0375368,0.0103852,2.68e-05,false
981,0.0480742,0.0379481,0.0104461,2.7486e-05,false
982,0.0485454,0.0376741,0.0103516,2.6968e-05,false
983,0.0481779,0.0378777,0.010413,2.7987e-05,false
984,0.0484428,0.0375027,0.0104104,2.6478e-05,false
985,0.0480616,0.0379107,0.0105564,2.7295e-05,false
986,0.0486137,0.0374944,0.0103764,2.6802e-05,false
987,0.0480214,0.037893,0.0103643,2.6885e-05,false
988,0.0484062,0.0378012,0.0104256,2.6726e-05,false
989,0.0483773,0.037873,0.0103565,2.6589e-05,false
990,0.0483773,0.0374994,0.0103811,2.6911e-05,false
991,0.0480309,0.0378983,0.0104934,2.6782e-05,false
992,0.0485408,0.0374425,0.0108455,2.8315e-05,false
993,0.0484393,0.0379008,0.0104756,2.6618e-05,false
994,0.0485252,0.0374471,0.0103926,2.6968e-05,false
995,0.0479897,0.037898,0.0103906,2.6757e-05,false
996,0.0484338,0.0375913,0.0103321,2.661e-05,false
997,0.0480724,0.0379472,0.0103566,2.7231e-05,false
998,0.0484548,0.0375846,0.0105468,2.6791e-05,false
999,0.0482825,0.038079,0.0104013,2.6423e-05,false
1000,0.0486309,0.0374342,0.0105501,2.7123e-05,false
1001,0.0481333,0.0378776,0.0104046,2.6773e-05,false
1002,0.0484317,0.0374305,0.0103443,2.6376e-05,false
1003,0.047925,0.0378709,0.0103778,2.7303e-05,false
1004,0.0483992,0.0375395,0.0103431,2.754e-05,false
1005,0.0480345,0.0378737,0.010469,2.6575e-05,false
1006,0.0484918,0.0375492,0.010366,2.6782e-05,false
1007,0.0480648,0.0378378,0.0104318,2.707e-05,false
1008,0.0484175,0.0374969,0.0104079,2.7199e-05,false
1009,0.048054,0.0380342,0.010447,2.6708e-05,false
1010,0.0486304,0.0375061,0.0103309,2.6578e-05,false
1011,0.0479874,0.0378994,0.010371,2.6847e-05,false
1012,0.0484191,0.0376021,0.0103659,2.6712e-05,false
1013,0.0481193,0.0380691,0.0115295,2.898e-05,false
1014,0.0497511,0.0379226,0.0114542,2.7669e-05,false
1015,0.0495303,0.0378858,0.010352,2.6407e-05,false
1016,0.0483892,0.0375181,0.0105996,2.6198e-05,false
1017,0.0482664,0.0378525,0.0104358,2.6847e-05,false
1018,0.0484373,0.0376546,0.0104441,2.6408e-05,false
1019,0.0482455,0.0386039,0.010386,2.634e-05,false
1020,0.0491388,0.037488,0.0103968,2.7281e-05,false
1021,0.0480503,0.0379939,0.0103914,2.7509e-05,false
1022,0.0485359,0.0376969,0.010392,2.7699e-05,false
1023,0.0482406,0.0379717,0.0103967,2.7052e-05,false
1024,0.0485178,0.0375689,0.0104433,2.6681e-05,false
1025,0.0481602,0.0379148,0.0104556,2.7385e-05,false
1026,0.0485156,0.037686,0.0103993,2.6892e-05,false
1027,0.0482339,0.0380016,0.0104716,2.7043e-05,false
1028,0.0486211,0.037579,0.0103451,2.7107e-05,false
1029,0.0480738,0.0380105,0.0105736,2.7516e-05,false
1030,0.0487352,0.0377763,0.0103839,2.7634e-05,false
1031,0.0483128,0.0379792,0.0103872,2.6195e-05,false
1032,0.0485141,0.0376769,0.0103916,2.6848e-05,false
1033,0.0482161,0.0379498,0.0104662,2.7019e-05,false
1034,0.0485618,0.0377095,0.0104743,2.7821e-05,false
1035,0.0483301,0.0379279,0.0104398,2.6804e-05,false
1036,0.0485168,0.0375764,0.0103755,2.7001e-05,false
1037,0.0481047,0.0380905,0.0103761,2.6876e-05,false
1038,0.0486171,0.037644,0.010349,2.6562e-05,false
1039,0.0481442,0.0379611,0.010359,2.6086e-05,false
1040,0.0484704,0.03837,0.0103488,2.6754e-05,false
1041,0.0488687,0.0378756,0.0104377,2.6846e-05,false
1042,0.0484634,0.0376874,0.0104319,2.6971e-05,false
1043,0.0482673,0.0379169,0.01044,2.6691e-05,false
1044,0.0485061,0.0376507,0.0103515,2.7531e-05,false
1045,0.0481534,0.0379084,0.0103623,2.6679e-05,false
1046,0.0484213,0.0375619,0.010336,2.6934e-05,false
1047,0.0480501,0.0379629,0.0104276,2.8669e-05,false
1048,0.0485726,0.0375965,0.0103703,2.6997e-05,false
1049,0.0481171,0.0378083,0.010496,2.6486e-05,false
1050,0.0484521,0.0380724,0.0104792,2.6778e-05,false
1051,0.0487014,0.0379326,0.0104965,2.6887e-05,false
1052,0.0485792,0.0374647,0.010466,2.6762e-05,false
1053,0.0480777,0.0377937,0.0103942,2.6417e-05,false
1054,0.0483363,0.0375302,0.0105385,2.6846e-05,false
1055,0.0482162,0.0379434,0.0103512,2.7299e-05,false
1056,0.0484537,0.0375638,0.0103428,2.7574e-05,false
1057,0.048058,0.0378522,0.010421,2.6169e-05,false
1058,0.0484234,0.0375657,0.0104253,2.6999e-05,false
1059,0.0481396,0.0380905,0.010445,2.851e-05,false
1060,0.0486872,0.0376447,0.010647,2.708e-05,false
1061,0.0484413,0.0382511,0.0103783,2.6591e-05,false
1062,0.0487802,0.0377223,0.0103376,2.7511e-05,false
1063,0.0482116,0.0379955,0.0104142,2.6462e-05,false
1064,0.048565,0.0377016,0.0103529,2.6985e-05,false
1065,0.0482107,0.0379969,0.0103641,2.7009e-05,false
1066,0.0485116,0.0375194,0.010421,2.6499e-05,false
1067,0.0480916,0.0378408,0.0105532,2.6438e-05,false
1068,0.0485445,0.0377842,0.0104502,2.6214e-05,false
1069,0.0483903,0.037927,0.0103633,2.627e-05,false
1070,0.0484391,0.0377531,0.0103496,2.6596e-05,false
1071,0.048261,0.0381694,0.010397,2.7282e-05,false
1072,0.0487254,0.0376904,0.0103524,2.6038e-05,false
1073,0.0481986,0.037901,0.0103897,2.7482e-05,false
1074,0.0484387,0.037553,0.0104478,2.7087e-05,false
1075,0.0481598,0.0379627,0.0104479,2.6258e-05,false
1076,0.0485603,0.0374851,0.0104283,2.6771e-05,false
1077,0.0480604,0.0378226,0.0103469,2.6603e-05,false
1078,0.048317,0.0375773,0.0104811,2.6787e-05,false
1079,0.0482059,0.0378693,0.010393,2.7391e-05,false
1080,0.0484122,0.037506,0.0103653,2.7888e-05,false
1081,0.0480219,0.038794,0.010437,2.6702e-05,false
1082,0.0493797,0.0375211,0.0104702,2.7157e-05,false
1083,0.0481402,0.0378774,0.0104762,2.6696e-05,false
1084,0.0484982,0.0374952,0.0104012,2.6615e-05,false
1085,0.0480446,0.0378121,0.010428,2.7369e-05,false
1086,0.0483889,0.0375103,0.010355,2.7108e-05,false
1087,0.048017,0.0378614,0.0103294,2.6667e-05,false
1088,0.0483404,0.0375445,0.0103416,2.7034e-05,false
1089,0.0480373,0.0379268,0.0103798,2.66e-05,false
1090,0.0484583,0.0375663,0.0103949,2.656e-05,false
1091,0.0481115,0.0378379,0.0106199,2.7278e-05,false
1092,0.0486096,0.0378843,0.010433,2.8196e-05,false
1093,0.0484693,0.0377901,0.0104437,2.6701e-05,false
1094,0.04838,0.0375144,0.0103516,2.6842e-05,false
1095,0.048017,0.0378302,0.0103441,2.776e-05,false
1096,0.0483237,0.037792,0.0103901,2.586e-05,false
1097,0.048331,0.0378605,0.0103548,2.7841e-05,false
1098,0.0483664,0.0374734,0.0104283,2.6698e-05,false
1099,0.0480507,0.0378706,0.0103834,2.6509e-05,false
1100,0.0484041,0.0375667,0.0106114,2.7342e-05,false
1101,0.0483383,0.0380026,0.0104155,2.7183e-05,false
1102,0.048574,0.0384314,0.0103574,2.6929e-05,false
1103,0.0489474,0.0379601,0.0103655,2.673e-05,false
1104,0.0484749,0.037783,0.0103649,2.6201e-05,false
1105,0.0482961,0.0379316,0.0103619,2.6928e-05,false
1106,0.0484426,0.0376425,0.0103748,2.6298e-05,false
1107,0.0481655,0.0379051,0.0104751,2.6463e-05,false
1108,0.0485274,0.0375638,0.0104213,2.6324e-05,false
1109,0.0481346,0.0378627,0.0105571,2.62e-05,false
1110,0.048568,0.037623,0.0103812,2.628e-05,false
1111,0.0481516,0.0379021,0.0103868,2.6421e-05,false
1112,0.0484366,0.0381277,0.0104663,2.6616e-05,false
1113,0.0487539,0.0378977,0.0103752,2.6366e-05,false
1114,0.0484205,0.0375958,0.0103824,2.611e-05,false
1115,0.0481228,0.037816,0.0104287,2.7028e-05,false
1116,0.048394,0.0375541,0.0104063,2.7126e-05,false
1117,0.0481204,0.0378609,0.0104045,2.6608e-05,false
1118,0.0484161,0.0375477,0.0103335,2.6202e-05,false
1119,0.0480343,0.0379028,0.0103607,2.6421e-05,false
1120,0.0484154,0.0377346,0.0103758,2.7168e-05,false
1121,0.0482629,0.037963,0.0103489,2.6953e-05,false
1122,0.048462,0.0376586,0.0105753,2.7623e-05,false
1123,0.0483865,0.0383949,0.0103241,2.738e-05,false
1124,0.0488715,0.037644,0.0105337,2.6416e-05,false
1125,0.0483264,0.0378872,0.0104251,2.6788e-05,false
1126,0.0484615,0.0376065,0.0104161,2.6074e-05,false
1127,0.0481699,0.0378313,0.0103688,2.7172e-05,false
1128,0.0483514,0.0375403,0.0103536,2.6249e-05,false
1129,0.0480443,0.0378316,0.0105089,2.6655e-05,false
1130,0.0484894,0.0375613,0.0103756,2.6332e-05,false
1131,0.048087,0.0378725,0.0103681,2.6408e-05,false
1132,0.0483896,0.037437,0.0103992,2.6233e-05,false
1133,0.0479847,0.0382463,0.010442,2.7071e-05,false
1134,0.0488387,0.0374944,0.0104216,2.7497e-05,false
1135,0.0480634,0.0378437,0.0103543,2.6559e-05,false
1136,0.0483554,0.0374568,0.0104178,2.648e-05,false
1137,0.0480237,0.0379201,0.0104422,2.7007e-05,false
1138,0.0485213,0.0375525,0.0103634,3.6219e-05,false
1139,0.0480769,0.0378335,0.0103976,2.6728e-05,false
1140,0.0483806,0.0375001,0.010455,2.663e-05,false
1141,0.0480999,0.0380324,0.0106049,2.7195e-05,false
1142,0.0487884,0.0375741,0.0104404,2.7021e-05,false
1143,0.048162,0.0382604,0.0104139,2.6406e-05,false
1144,0.0488248,0.0375947,0.0103535,2.6356e-05,false
1145,0.0480988,0.0379101,0.0103193,2.6709e-05,false
1146,0.0483789,0.0375512,0.0103747,2.6482e-05,false
1147,0.0480747,0.037877,0.0103291,2.726e-05,false
1148,0.0483569,0.0374741,0.0104088,2.6937e-05,false
1149,0.0480326,0.0378835,0.0104223,2.6125e-05,false
1150,0.0484548,0.0375276,0.0104898,2.649e-05,false
1151,0.0481641,0.0379236,0.0103298,2.6011e-05,false
1152,0.0484024,0.037579,0.0103519,2.6606e-05,false
1153,0.0480812,0.0378843,0.0105647,2.6479e-05,false
1154,0.0485994,0.038378,0.0103738,2.6574e-05,false
1155,0.0489001,0.0378516,0.0103943,2.677e-05,false
1156,0.0483926,0.0374467,0.0104523,2.7003e-05,false
1157,0.0480482,0.0378843,0.0104153,2.6914e-05,false
1158,0.048449,0.037605,0.0104494,2.669e-05,false
1159,0.0482023,0.0378064,0.0103496,2.6823e-05,false
1160,0.0483059,0.0375368,0.0103448,2.6654e-05,false
1161,0.0480315,0.0379116,0.0103858,2.6585e-05,false
1162,0.0484465,0.0375643,0.010356,2.6554e-05,false
1163,0.048069,0.037883,0.0103757,2.6647e-05,false
1164,0.0484071,0.038044,0.0104567,2.5897e-05,false
1165,0.0486485,0.0377815,0.0104429,2.6488e-05,false
1166,0.0483731,0.0375447,0.0105213,2.659e-05,false
1167,0.0482147,0.03791,0.010484,2.8211e-05,false
1168,0.0485414,0.0375506,0.0103997,2.7418e-05,false
1169,0.0481009,0.0380009,0.0104273,2.6646e-05,false
1170,0.0485765,0.0376279,0.0103555,2.6585e-05,false
1171,0.0481354,0.0381026,0.0103618,2.7316e-05,false
1172,0.0486147,0.0376428,0.0104262,2.6918e-05,false
1173,0.0482198,0.0379284,0.0104104,2.6751e-05,false
1174,0.0484868,0.0378902,0.0104271,2.7675e-05,false
1175,0.0484692,0.0380909,0.0104677,2.7329e-05,false
1176,0.0487089,0.037387,0.0103969,2.7301e-05,false
1177,0.0479346,0.0378877,0.0103519,2.6526e-05,false
1178,0.0483882,0.0375031,0.010349,2.6554e-05,false
1179,0.0480021,0.0380093,0.0103727,2.6334e-05,false
1180,0.048532,0.0375276,0.0103376,2.6769e-05,false
1181,0.0480158,0.0379458,0.0103982,2.6546e-05,false
1182,0.0484936,0.0376384,0.0103959,2.7321e-05,false
1183,0.0481835,0.0379265,0.0104572,2.6539e-05,false
1184,0.0485297,0.0375716,0.0106315,2.7044e-05,false
1185,0.0483547,0.038733,0.0103839,2.6434e-05,false
1186,0.0492652,0.0375476,0.0104429,2.7506e-05,false
1187,0.0481416,0.037906,0.0103755,2.6616e-05,false
1188,0.048431,0.0376436,0.0103601,2.6464e-05,false
1189,0.048153,0.0379117,0.0104631,2.6131e-05,false
1190,0.0485235,0.037629,0.0104221,2.6077e-05,false
1191,0.0482007,0.0379047,0.0104504,2.7316e-05,false
1192,0.0485038,0.0377559,0.0103827,2.7016e-05,false
1193,0.0482887,0.0379528,0.0104041,2.6275e-05,false
1194,0.0485048,0.0377192,0.0103831,2.6395e-05,false
1195,0.0482613,0.0382471,0.0104234,2.6643e-05,false
1196,0.0488198,0.0375722,0.0103788,2.69e-05,false
1197,0.0480991,0.0378016,0.0104534,2.7033e-05,false
1198,0.0484004,0.0376199,0.0104687,2.7219e-05,false
1199,0.048232,0.0379235,0.0105012,2.663e-05,false
1200,0.0485722,0.0376026,0.0104509,2.6737e-05,false
1201,0.0482014,0.0379262,0.0103464,2.7971e-05,false
1202,0.0484244,0.0375796,0.0103424,2.7843e-05,false
1203,0.0480735,0.0379625,0.0103285,2.8481e-05,false
1204,0.048443,0.0375832,0.0103638,2.7209e-05,false
1205,0.0480998,0.0382128,0.0103892,2.5938e-05,false
1206,0.0487512,0.0375583,0.0104354,2.6533e-05,false
1207,0.0481435,0.0379774,0.0104244,2.6654e-05,false
1208,0.0485511,0.0376766,0.0104274,2.7478e-05,false
1209,0.048253,0.0379009,0.0103756,2.7084e-05,false
1210,0.048428,0.0376568,0.0103644,2.7366e-05,false
1211,0.0481728,0.0379332,0.0103352,2.6968e-05,false
1212,0.0484188,0.0377299,0.0103848,2.6473e-05,false
1213,0.0482645,0.0379788,0.0103194,2.6233e-05,false
1214,0.0484491,0.0375321,0.0103881,2.7177e-05,false
1215,0.0480833,0.0378076,0.0105448,2.6837e-05,false
1216,0.0485018,0.0382326,0.0104525,2.7239e-05,false
1217,0.0488314,0.0378489,0.0103916,2.7092e-05,false
1218,0.0483885,0.0374847,0.0103686,2.641e-05,false
1219,0.0480025,0.037857,0.0103789,2.6646e-05,false
1220,0.0483859,0.0376614,0.010371,2.657e-05,false
1221,0.0481806,0.0378395,0.0103771,2.6692e-05,false
1222,0.0483637,0.0375249,0.0104412,2.6365e-05,false
1223,0.0481159,0.037847,0.0104823,2.7237e-05,false
1224,0.0484801,0.0377124,0.0104903,2.696e-05,false
1225,0.0483505,0.0377895,0.0104137,2.7024e-05,false
1226,0.0483527,0.0378993,0.0103869,2.6788e-05,false
1227,0.0484335,0.0378867,0.010331,2.6805e-05,false
1228,0.0483683,0.037749,0.0103538,2.6867e-05,false
1229,0.0482534,0.0378867,0.0103428,2.6829e-05,false
1230,0.0483791,0.0375499,0.010425,2.6421e-05,false
1231,0.0481226,0.0378045,0.0104264,2.6604e-05,false
1232,0.0483793,0.0375188,0.010791,2.7489e-05,false
1233,0.0484684,0.0378942,0.0103538,2.7199e-05,false
1234,0.0483976,0.037606,0.0104116,2.6722e-05,false
1235,0.0481677,0.0378907,0.0105048,2.7908e-05,false
1236,0.048545,0.0379075,0.010387,2.716e-05,false
1237,0.0484433,0.0380595,0.0103136,2.6897e-05,false
1238,0.0485228,0.0375408,0.0104022,2.7032e-05,false
1239,0.0480924,0.0377961,0.0104037,2.6381e-05,false
1240,0.0483485,0.0375479,0.0104114,2.6831e-05,false
1241,0.0481083,0.037965,0.0104328,4.5301e-05,false
1242,0.0485631,0.0375915,0.0103582,2.7148e-05,false
1243,0.0481001,0.0379386,0.0103684,2.6956e-05,false
1244,0.0484568,0.0375586,0.0103639,2.6738e-05,false
1245,0.0480733,0.0378307,0.0103635,2.8025e-05,false
1246,0.048346,0.0374662,0.0106483,2.6365e-05,false
1247,0.0482657,0.0383438,0.0103914,2.7124e-05,false
1248,0.0488862,0.037531,0.0104913,2.6731e-05,false
1249,0.0481705,0.0378388,0.0104181,2.6765e-05,false
1250,0.0484024,0.0374387,0.0104071,2.7265e-05,false
1251,0.0479951,0.0378223,0.0103748,2.6742e-05,false
1252,0.0483461,0.0375232,0.0103893,2.6604e-05,false
1253,0.0480612,0.0378409,0.0103793,2.7297e-05,false
1254,0.0483685,0.0375272,0.0106226,2.6926e-05,false
1255,0.0482958,0.037876,0.0104028,2.6689e-05,false
1256,0.0484295,0.0375778,0.0104219,2.6234e-05,false
1257,0.0481495,0.0380477,0.0104263,2.7096e-05,false
1258,0.0486216,0.0376209,0.0103803,2.6508e-05,false
1259,0.0481517,0.0378458,0.0103489,2.7367e-05,false
1260,0.0483458,0.0375393,0.0103737,2.6675e-05,false
1261,0.0480633,0.0379208,0.0104972,2.666e-05,false
1262,0.048567,0.0374375,0.0104405,2.6238e-05,false
1263,0.0480282,0.0378362,0.0104034,2.7012e-05,false
1264,0.0483888,0.0374733,0.0104089,2.6772e-05,false
1265,0.0480309,0.0379475,0.0104037,2.6167e-05,false
1266,0.0484984,0.0375894,0.0103463,2.7052e-05,false
1267,0.0480888,0.0382216,0.0104786,2.7482e-05,false
1268,0.0488512,0.0377176,0.0103658,2.7359e-05,false
1269,0.0482336,0.0379269,0.0103295,2.668e-05,false
1270,0.0484046,0.0374994,0.0103383,2.6658e-05,false
1271,0.0479875,0.0378414,0.0104221,2.7137e-05,false
1272,0.0484115,0.0374921,0.0104522,2.6857e-05,false
1273,0.0480915,0.0377989,0.0104504,2.6675e-05,false
1274,0.0484003,0.0376094,0.0105151,2.627e-05,false
1275,0.0482769,0.0380956,0.010348,2.5849e-05,false
1276,0.0485956,0.0376783,0.0103798,2.6409e-05,false
1277,0.0482061,0.0380028,0.0106392,2.7397e-05,false
1278,0.0487883,0.0379474,0.0104241,2.6649e-05,false
1279,0.0485197,0.0378824,0.0104298,2.7561e-05,false
1280,0.0484627,0.037476,0.0104648,2.5845e-05,false
1281,0.04809,0.0378882,0.0104632,2.6755e-05,false
1282,0.0484999,0.0374409,0.0104397,2.683e-05,false
1283,0.0480271,0.0378526,0.0103886,2.6551e-05,false
1284,0.0483856,0.0375234,0.0103725,2.679e-05,false
1285,0.0480464,0.0378818,0.0104217,2.6591e-05,false
1286,0.0484709,0.0375592,0.0104113,2.5998e-05,false
1287,0.048132,0.0379125,0.0104466,2.6511e-05,false
1288,0.0485083,0.0382788,0.0103853,2.6308e-05,false
1289,0.0488133,0.0379788,0.0104219,2.5774e-05,false
1290,0.0485482,0.0376199,0.010382,2.7067e-05,false
1291,0.0481762,0.0378985,0.0103522,2.673e-05,false
1292,0.048413,0.0375499,0.0103468,2.6523e-05,false
1293,0.0480444,0.0380137,0.010355,2.7539e-05,false
1294,0.0485285,0.0375659,0.0103459,2.6851e-05,false
1295,0.0480635,0.0379043,0.0104075,2.6914e-05,false
1296,0.0484617,0.0374424,0.0104011,2.6685e-05,false
1297,0.0479958,0.0378554,0.0104291,2.6762e-05,false
1298,0.0484356,0.0378206,0.0104238,3.5546e-05,false
1299,0.0484025,0.0379155,0.0103494,2.5861e-05,false
1300,0.0484138,0.0375797,0.0103486,2.6723e-05,false
1301,0.0480782,0.0378832,0.0103368,2.7095e-05,false
1302,0.0483701,0.0375502,0.0103549,2.7149e-05,false
1303,0.0480551,0.0379241,0.0104635,2.6622e-05,false
1304,0.0485355,0.0375044,0.0104286,2.6451e-05,false
1305,0.0480843,0.0378805,0.0104539,2.6384e-05,false
1306,0.048482,0.0375363,0.0104899,2.5805e-05,false
1307,0.0481727,0.0379437,0.0103917,2.7231e-05,false
1308,0.0484868,0.0375551,0.0104038,2.615e-05,false
1309,0.0481088,0.0380998,0.0103923,2.6856e-05,false
1310,0.0486422,0.0375788,0.0104184,2.8864e-05,false
1311,0.048178,0.037856,0.0104507,2.6873e-05,false
1312,0.0484631,0.0374344,0.0103894,2.6264e-05,false
1313,0.0479728,0.0378447,0.0104431,2.6248e-05,false
1314,0.0484377,0.0374173,0.0104083,2.6789e-05,false
1315,0.0479732,0.0378176,0.0103363,2.7098e-05,false
1316,0.0483045,0.0377953,0.0104943,2.6315e-05,false
1317,0.0484454,0.0378916,0.0103608,2.6748e-05,false
1318,0.048401,0.037571,0.0103465,2.6744e-05,false
1319,0.0480672,0.0384946,0.0103724,2.6307e-05,false
1320,0.0490166,0.0378417,0.0104159,2.6971e-05,false
1321,0.0484061,0.0378382,0.0104222,2.6544e-05,false
1322,0.0484085,0.0374847,0.0104344,2.6756e-05,false
1323,0.0480687,0.0378327,0.010482,2.7006e-05,false
1324,0.0484647,0.037453,0.0103398,2.6669e-05,false
1325,0.0479449,0.0379031,0.0103382,2.6106e-05,false
1326,0.0483924,0.0375107,0.010337,2.5899e-05,false
1327,0.047998,0.0379221,0.0103366,2.7006e-05,false
1328,0.0484085,0.0375361,0.0104002,2.7081e-05,false
1329,0.0480868,0.0380746,0.0104152,2.7505e-05,false
1330,0.0486421,0.0378575,0.0104656,2.6985e-05,false
1331,0.0484712,0.0379424,0.010363,2.6511e-05,false
1332,0.0484545,0.0375361,0.0103662,2.7041e-05,false
1333,0.0480518,0.0378308,0.0103616,2.6431e-05,false
1334,0.048342,0.0375237,0.0104355,2.6702e-05,false
1335,0.0481052,0.0378393,0.010415,2.7221e-05,false
1336,0.0484042,0.0376185,0.0105728,2.6909e-05,false
1337,0.0483415,0.0379948,0.0104245,2.6594e-05,false
1338,0.0485669,0.0376039,0.0104819,2.6574e-05,false
1339,0.0482323,0.0378887,0.0104085,2.601e-05,false
1340,0.048443,0.0376556,0.0103243,2.5447e-05,false
1341,0.0481298,0.0379552,0.0104303,2.6854e-05,false
1342,0.0485342,0.0375395,0.0103758,2.6866e-05,false
1343,0.0480647,0.0378688,0.0103887,2.6606e-05,false
1344,0.0484077,0.0375505,0.0103982,2.6844e-05,false
1345,0.0480966,0.0378529,0.0104479,2.6931e-05,false
1346,0.0484497,0.0374653,0.0104459,2.7261e-05,false
1347,0.0480604,0.0378501,0.0103653,2.7599e-05,false
1348,0.0483661,0.0375842,0.0103644,2.6173e-05,false
1349,0.0480978,0.0379263,0.0103653,2.6572e-05,false
1350,0.0484407,0.0380746,0.0103412,2.6569e-05,false
1351,0.0485651,0.0378784,0.0103918,2.6757e-05,false
1352,0.04842,0.0375676,0.0104073,2.7544e-05,false
1353,0.0481236,0.0378727,0.0103995,2.7369e-05,false
1354,0.0484215,0.0374835,0.0104199,2.6293e-05,false
1355,0.0480688,0.0377976,0.0103597,2.7134e-05,false
1356,0.048308,0.0375434,0.0103468,2.6366e-05,false
1357,0.0480408,0.0379497,0.0103649,2.756e-05,false
1358,0.0484657,0.0376892,0.0103838,2.6327e-05,false
1359,0.0482213,0.0378629,0.0103705,2.6083e-05,false
1360,0.0483836,0.0376613,0.0104292,2.6893e-05,false
1361,0.0482406,0.0379808,0.0104268,2.7152e-05,false
1362,0.0485572,0.0376271,0.0104973,2.7783e-05,false
1363,0.0482747,0.0378786,0.0104101,2.6343e-05,false
1364,0.0484356,0.0376555,0.0104061,2.6682e-05,false
1365,0.0482125,0.0379846,0.0104279,2.626e-05,false
1366,0.0485612,0.0376288,0.0104149,2.6887e-05,false
1367,0.0481941,0.0379543,0.0104102,2.7556e-05,false
1368,0.0485102,0.0375466,0.0104397,2.6414e-05,false
1369,0.0481361,0.0378369,0.0104265,2.7e-05,false
1370,0.0484138,0.0374996,0.0104158,2.643e-05,false
1371,0.0480657,0.0387349,0.0104478,2.6897e-05,false
1372,0.0493304,0.0375198,0.0103766,2.6459e-05,false
1373,0.0480464,0.037947,0.010342,2.5853e-05,false
1374,0.0484504,0.0374777,0.0103561,2.6226e-05,false
1375,0.0479847,0.0378619,0.0103584,2.7152e-05,false
1376,0.0483727,0.0374627,0.0104147,2.6973e-05,false
1377,0.0480279,0.0378501,0.0104309,2.6692e-05,false
1378,0.0484301,0.0376533,0.0104519,2.6903e-05,false
1379,0.0482581,0.0379303,0.010468,2.5709e-05,false
1380,0.0485628,0.0374622,0.0103493,2.6027e-05,false
1381,0.0479611,0.0385163,0.0103823,2.6342e-05,false
1382,0.049048,0.0377914,0.0103925,2.671e-05,false
1383,0.0483335,0.0379205,0.0103645,2.6451e-05,false
1384,0.0484354,0.0375554,0.0103778,2.56e-05,false
1385,0.0480808,0.0378389,0.0104276,2.7305e-05,false
1386,0.0484175,0.037523,0.0104496,2.6886e-05,false
1387,0.0481207,0.0378532,0.0104615,2.7473e-05,false
1388,0.0484632,0.0374673,0.0103768,2.6357e-05,false
1389,0.0479943,0.0379823,0.0103617,2.598e-05,false
1390,0.0484938,0.0376315,0.010396,2.7438e-05,false
1391,0.0481873,0.0378778,0.0106431,2.655e-05,false
1392,0.0486696,0.0377297,0.0103686,2.5887e-05,false
1393,0.0482468,0.0378788,0.0104607,2.67e-05,false
1394,0.0484893,0.0374286,0.0104643,2.7525e-05,false
1395,0.0480391,0.0378241,0.0105853,2.6576e-05,false
1396,0.0485533,0.0374515,0.0103465,2.652e-05,false
1397,0.04795,0.0379595,0.0103661,2.6161e-05,false
1398,0.0484741,0.0375346,0.0103675,2.5953e-05,false
1399,0.0480521,0.0379896,0.010381,2.6721e-05,false
1400,0.0485218,0.0375996,0.0103456,2.6106e-05,false
1401,0.0480958,0.0378263,0.0104361,2.6351e-05,false
1402,0.0484117,0.0377474,0.0104204,2.6596e-05,false
1403,0.0483169,0.0378739,0.0104561,2.696e-05,false
1404,0.048478,0.0374962,0.0103663,2.625e-05,false
1405,0.0480121,0.037898,0.0103514,2.6435e-05,false
1406,0.0483971,0.0375711,0.0104279,2.657e-05,false
1407,0.0481474,0.0379044,0.0103775,2.6952e-05,false
1408,0.0484306,0.0375361,0.0103463,2.7438e-05,false
1409,0.0480316,0.0378489,0.0104523,2.6682e-05,false
1410,0.0484514,0.0375567,0.0104332,2.7256e-05,false
1411,0.0481397,0.0378395,0.0104715,2.5841e-05,false
1412,0.048458,0.0382626,0.0104091,2.6703e-05,false
1413,0.0488216,0.0378743,0.0103896,2.6451e-05,false
1414,0.0484122,0.0375916,0.0103174,2.6213e-05,false
1415,0.0480594,0.0379062,0.0103645,2.6822e-05,false
1416,0.0484203,0.0375537,0.0103527,2.6853e-05,false
1417,0.0480559,0.0378319,0.0104682,2.6266e-05,false
1418,0.0484491,0.0374736,0.010474,2.6158e-05,false
1419,0.0480966,0.0378865,0.0104889,2.5967e-05,false
1420,0.0485221,0.0375178,0.0103896,2.6801e-05,false
1421,0.0480584,0.0378592,0.0103871,2.6099e-05,false
1422,0.0483949,0.0375501,0.0106256,2.6592e-05,false
1423,0.048324,0.0384207,0.0104457,2.6581e-05,false
1424,0.049011,0.0376626,0.010378,2.6049e-05,false
1425,0.0481872,0.037957,0.0104197,2.7104e-05,false
1426,0.0485282,0.0375486,0.0104042,2.6625e-05,false
1427,0.0481023,0.037988,0.0104385,2.5313e-05,false
1428,0.0485743,0.0375867,0.0104409,2.5927e-05,false
1429,0.0481735,0.0378959,0.0103559,2.6218e-05,false
1430,0.0484023,0.0374351,0.0104694,2.6506e-05,false
1431,0.0480528,0.0378913,0.0104432,2.7145e-05,false
1432,0.0484836,0.0374497,0.0103754,2.6762e-05,false
1433,0.047974,0.0381379,0.0103842,2.672e-05,false
1434,0.0486704,0.0375116,0.0104309,2.7387e-05,false
1435,0.048092,0.0378982,0.0104748,2.7258e-05,false
1436,0.0485227,0.0375117,0.0104695,2.6797e-05,false
1437,0.0481287,0.0378802,0.0103297,2.6563e-05,false
1438,0.0483603,0.0375605,0.010359,2.6718e-05,false
1439,0.0480692,0.0379245,0.0103672,2.6624e-05,false
1440,0.0484429,0.0376699,0.0103518,2.6556e-05,false
1441,0.0481798,0.0379325,0.010372,2.6663e-05,false
1442,0.0484547,0.0375125,0.0104525,2.7672e-05,false
1443,0.0481136,0.0385205,0.0104158,2.7125e-05,false
1444,0.0490853,0.0375879,0.0104636,2.6927e-05,false
1445,0.0481989,0.0378443,0.0103598,2.6312e-05,false
1446,0.048354,0.0375527,0.0103692,2.6513e-05,false
1447,0.0480711,0.0379169,0.0104125,2.5959e-05,false
1448,0.0484766,0.0376356,0.0104297,2.7393e-05,false
1449,0.0482155,0.0378323,0.0103884,2.6108e-05,false
1450,0.0483696,0.0373872,0.0104364,2.6322e-05,false
1451,0.0479724,0.0379035,0.0104582,2.6001e-05,false
1452,0.0485057,0.0374784,0.010482,2.5922e-05,false
1453,0.0481112,0.0378252,0.0106289,2.7055e-05,false
1454,0.048606,0.0376901,0.0103513,2.5887e-05,false
1455,0.0481922,0.03788,0.0104589,2.6662e-05,false
1456,0.0484881,0.0375762,0.0103667,2.6362e-05,false
1457,0.0480919,0.037894,0.0103562,2.7193e-05,false
1458,0.0483998,0.0374562,0.0104274,2.6715e-05,false
1459,0.0480333,0.0378498,0.0103987,2.6628e-05,false
1460,0.0483981,0.0374941,0.0104374,2.6507e-05,false
1461,0.0480782,0.0380194,0.0104094,2.6156e-05,false
1462,0.0485785,0.0375195,0.0103774,2.6552e-05,false
1463,0.0480471,0.0378923,0.0103305,2.6779e-05,false
1464,0.0483723,0.0380429,0.0103486,2.7071e-05,false
1465,0.0485425,0.0379481,0.0103338,2.6509e-05,false
1466,0.0484323,0.03755,0.0104392,2.6498e-05,false
