1,1.63e-07,0.00923117,0.0166261,0.00294696,false
2,0.0315119,0.00914344,0.0155188,2.9975e-05,false
3,0.0253943,0.0152545,0.00522319,2.7355e-05,false
4,0.023178,0.00897205,0.0162142,2.681e-05,false
5,0.0525455,0.00996769,0.00294906,3.4567e-05,false
6,0.0396439,0.0150899,0.00163017,2.8373e-05,false
7,0.0235704,0.00930523,0.019933,2.7145e-05,false
8,0.0505461,0.0172083,0.00524158,2.9256e-05,false
9,0.0500044,0.0235707,0.00341039,5.6882e-05,false
10,0.053282,0.0217243,0.00509417,4.2901e-05,false
11,0.0518392,0.0258118,0.00215303,3.5085e-05,false
12,0.0434158,0.0251182,0.00351799,7.499e-05,false
13,0.0487661,0.0170567,0.00154928,3.3763e-05,false
14,0.0189941,0.0113423,0.00525381,9.2484e-05,false
15,0.0323757,0.0134337,0.00216967,3.1674e-05,false
16,0.0323844,0.0185614,0.00157772,3.308e-05,false
17,0.0204871,0.00896771,0.00137643,2.4141e-05,false
18,0.0310325,0.0181491,0.00156482,4.3738e-05,false
19,0.0200967,0.00941512,0.00127465,2.3606e-05,false
20,0.0289641,0.0182704,0.00152735,3.2675e-05,false
21,0.0341474,0.0151856,0.00213355,3.703e-05,false
22,0.0177555,0.0188931,0.00225038,4.3364e-05,false
23,0.0319981,0.0145871,0.00150138,3.0844e-05,false
24,0.0333285,0.0170023,0.0014957,4.2992e-05,false
25,0.0188475,0.00842331,0.00129618,2.3774e-05,false
26,0.0301781,0.0172062,0.00167631,4.2914e-05,false
27,0.0192205,0.00851612,0.00142899,2.6379e-05,false
28,0.031758,0.0190573,0.00158951,3.3189e-05,false
29,0.0209946,0.00959062,0.00130374,2.3703e-05,false
30,0.0278203,0.0179705,0.00155515,3.221e-05,false
31,0.0343109,0.0143056,0.00167662,4.2688e-05,false
32,0.0163775,0.0147423,0.00440728,3.5063e-05,false
33,0.0330605,0.0139642,0.00173264,3.3556e-05,false
34,0.0160213,0.0115806,0.00145065,2.4405e-05,false
35,0.0349071,0.014186,0.00170223,3.4297e-05,false
36,0.0326958,0.0172335,0.00148635,3.2374e-05,false
37,0.0191392,0.00813409,0.00137489,3.6087e-05,false
38,0.032126,0.017735,0.0015656,3.2692e-05,false
39,0.0196982,0.00933811,0.00134992,2.3772e-05,false
40,0.0298192,0.017809,0.00162388,3.2063e-05,false
41,0.0198279,0.0090018,0.00139006,2.3991e-05,false
42,0.0289696,0.0174442,0.00163717,3.3331e-05,false
43,0.0339557,0.0142137,0.00148341,3.1521e-05,false
44,0.0160964,0.0114046,0.00267195,7.5232e-05,false
45,0.0333398,0.0144768,0.00175665,3.3015e-05,false
46,0.0166462,0.0117942,0.00137429,2.4822e-05,false
47,0.0334231,0.0141586,0.00185891,3.4216e-05,false
48,0.0163618,0.0115479,0.00136699,2.4894e-05,false
49,0.0337817,0.0133265,0.00167338,3.4426e-05,false
50,0.0336335,0.0171888,0.00149795,4.4547e-05,false
51,0.0191179,0.00900631,0.0037921,2.7671e-05,false
52,0.0302151,0.0173299,0.00152403,3.1086e-05,false
53,0.0191941,0.0100385,0.00174545,2.9264e-05,false
54,0.0313162,0.0170361,0.00167506,3.6324e-05,false
55,0.0190665,0.00970519,0.00154725,2.8229e-05,false
56,0.0316884,0.0172592,0.00156907,3.3161e-05,false
57,0.0192337,0.0101497,0.00139142,2.8414e-05,false
58,0.0305234,0.0183032,0.00163658,3.1747e-05,false
59,0.0328739,0.0155766,0.00146942,3.0569e-05,false
60,0.0174251,0.0122174,0.003871,2.8939e-05,false
61,0.0323816,0.0134817,0.00173184,3.3842e-05,false
62,0.0155456,0.0107264,0.0013594,2.5198e-05,false
63,0.0358748,0.0139924,0.00195549,4.677e-05,false
64,0.0163241,0.0115655,0.00138361,2.5294e-05,false
65,0.0323969,0.0137206,0.00173572,3.9222e-05,false
66,0.0330408,0.0163422,0.00153481,3.2545e-05,false
67,0.0182484,0.00809496,0.00144138,2.7393e-05,false
68,0.0319674,0.0191647,0.00172289,3.4957e-05,false
69,0.0212976,0.0146683,0.00158506,3.9862e-05,false
70,0.0307299,0.018384,0.00180435,3.6826e-05,false
71,0.0208654,0.01472,0.00177794,3.1454e-05,false
72,0.0271057,0.0190715,0.00165368,3.7115e-05,false
73,0.0329875,0.0181555,0.00160003,3.0613e-05,false
74,0.0201016,0.0156878,0.00160545,3.4702e-05,false
75,0.0303218,0.016588,0.00152332,3.2352e-05,false
76,0.0185447,0.0126671,0.00426113,3.6616e-05,false
77,0.032234,0.0167573,0.00154017,3.0831e-05,false
78,0.0186956,0.0124062,0.00150145,2.8945e-05,false
79,0.0303351,0.016083,0.00177531,6.4514e-05,false
80,0.0334906,0.0180085,0.00165043,3.4778e-05,false
81,0.0200092,0.00995445,0.0040043,2.6334e-05,false
82,0.0305179,0.0185772,0.00161218,4.3623e-05,false
83,0.0205995,0.0133809,0.00236674,2.7859e-05,false
84,0.030098,0.018471,0.00155742,3.2014e-05,false
85,0.0204233,0.0113733,0.00174713,4.4694e-05,false
86,0.0290852,0.0181861,0.00171701,3.5385e-05,false
87,0.033159,0.0171905,0.00157133,3.6426e-05,false
88,0.0191685,0.0151293,0.00158474,3.3206e-05,false
89,0.0304102,0.0159023,0.00158987,3.0723e-05,false
90,0.0179548,0.0124809,0.00143029,2.5675e-05,false
91,0.0330719,0.0163137,0.00169692,3.5055e-05,false
92,0.0318406,0.0178372,0.00155831,3.1998e-05,false
93,0.0197908,0.0127941,0.00170264,3.1536e-05,false
94,0.0305191,0.01822,0.00170807,4.5094e-05,false
95,0.0203527,0.0120257,0.00366113,4.7129e-05,false
96,0.0304201,0.0182311,0.00173589,4.2776e-05,false
97,0.0204029,0.0119215,0.00336691,9.0768e-05,false
98,0.0294281,0.0176123,0.00166063,3.1958e-05,false
99,0.0332946,0.0167162,0.00168787,3.62e-05,false
100,0.0187601,0.014669,0.00187217,3.3349e-05,false
101,0.0315385,0.0156723,0.00160618,4.359e-05,false
102,0.0176374,0.0111953,0.00144169,2.9276e-05,false
103,0.0318057,0.0152353,0.00163878,3.3091e-05,false
104,0.0330177,0.0167347,0.00159732,3.4687e-05,false
105,0.0186979,0.00945295,0.00443301,3.3186e-05,false
106,0.0323187,0.0183836,0.00175033,3.6279e-05,false
107,0.0205166,0.0123904,0.00242458,3.034e-05,false
108,0.0293271,0.0193183,0.00177714,3.8019e-05,false
109,0.0215318,0.0126531,0.00352641,2.8875e-05,false
110,0.0282902,0.0178768,0.00159728,3.3678e-05,false
111,0.0326842,0.0169103,0.00170159,3.2786e-05,false
112,0.0189657,0.0146484,0.00192777,3.3535e-05,false
113,0.0324163,0.014689,0.00166122,3.7234e-05,false
114,0.0167605,0.0121435,0.00140502,3.9237e-05,false
115,0.0321278,0.0146603,0.00177132,3.3049e-05,false
116,0.0168519,0.0106818,0.00145385,2.8649e-05,false
117,0.0339685,0.0145514,0.00189847,3.4162e-05,false
118,0.0324451,0.0161427,0.00168564,3.4548e-05,false
119,0.0181688,0.00780027,0.00135861,2.5963e-05,false
120,0.032314,0.0180152,0.00160969,3.5192e-05,false
121,0.0200591,0.0121993,0.00311622,2.9884e-05,false
122,0.0295336,0.0185398,0.0017884,3.2347e-05,false
123,0.0207247,0.0117339,0.00239489,9.2852e-05,false
124,0.0308488,0.0197089,0.00172212,3.2427e-05,false
125,0.0305502,0.0175352,0.00159588,3.1621e-05,false
126,0.019535,0.0151197,0.00174894,3.3335e-05,false
127,0.0315487,0.0161042,0.00179067,4.3335e-05,false
128,0.0182966,0.0120481,0.00337696,9.0855e-05,false
129,0.0324616,0.0154496,0.0016891,3.2604e-05,false
130,0.0175512,0.0117748,0.00153753,3.0025e-05,false
131,0.0331842,0.0139586,0.00179308,3.5063e-05,false
132,0.038516,0.012108,0.00169704,3.4165e-05,false
133,0.0141924,0.00939809,0.00315603,4.034e-05,false
134,0.0302253,0.0132636,0.00177596,3.8859e-05,false
135,0.0154509,0.0100626,0.00139795,2.4881e-05,false
136,0.0334706,0.0137918,0.00197412,3.6886e-05,false
137,0.0161362,0.00972979,0.00150548,2.8586e-05,false
138,0.0353539,0.0149481,0.00181321,3.9322e-05,false
139,0.0171854,0.0110078,0.00144584,2.8648e-05,false
140,0.0315889,0.0144625,0.001794,3.3399e-05,false
141,0.0331661,0.0159751,0.00171202,3.8807e-05,false
142,0.0181061,0.00918257,0.00335568,0.000114677,false
143,0.0319051,0.0184885,0.00177697,4.0414e-05,false
144,0.0206688,0.014528,0.00164734,3.5658e-05,false
145,0.0300719,0.0193552,0.00171609,3.4162e-05,false
146,0.021478,0.0152602,0.00171117,4.0876e-05,false
147,0.0283281,0.0170981,0.00165402,3.3293e-05,false
148,0.0191663,0.0138091,0.00384434,6.2927e-05,false
149,0.0311954,0.0184955,0.00169731,3.2928e-05,false
150,0.020605,0.0130127,0.00400262,2.5656e-05,false
151,0.0280407,0.0186708,0.00172968,3.1363e-05,false
152,0.0349067,0.0182857,0.00157801,3.2145e-05,false
153,0.0202747,0.0144847,0.00155878,2.7922e-05,false
154,0.0288036,0.0167325,0.00158573,3.3431e-05,false
155,0.0187175,0.0143059,0.00182256,3.8678e-05,false
156,0.032178,0.0166482,0.00164308,4.0368e-05,false
157,0.0187128,0.0149434,0.00167924,3.1648e-05,false
158,0.0304796,0.0162273,0.00182798,3.5485e-05,false
159,0.0184333,0.0126117,0.00381484,6.3557e-05,false
160,0.031396,0.0166787,0.00167358,3.3781e-05,false
161,0.0187936,0.013023,0.00390747,3.1754e-05,false
162,0.031238,0.0172593,0.00177412,3.9571e-05,false
163,0.0194615,0.0128954,0.00420422,2.8312e-05,false
164,0.031857,0.01592,0.00177677,3.46e-05,false
165,0.0180682,0.0121717,0.00141556,3.9393e-05,false
166,0.0304438,0.016564,0.00171077,3.3667e-05,false
167,0.0194693,0.0122527,0.00136161,2.8529e-05,false
168,0.0314809,0.0159371,0.00181375,3.2177e-05,false
169,0.0335031,0.0160888,0.00163317,3.2424e-05,false
170,0.0181234,0.013569,0.00168695,3.6991e-05,false
171,0.0316369,0.0163731,0.00157326,3.3786e-05,false
172,0.0183552,0.0147912,0.00175636,3.1593e-05,false
173,0.0314506,0.0179435,0.00169288,3.3241e-05,false
174,0.0200433,0.0152468,0.00161156,3.3256e-05,false
175,0.0301553,0.0170589,0.0016424,3.3731e-05,false
176,0.0191534,0.0152523,0.00173119,3.7732e-05,false
177,0.0307233,0.0173869,0.00164405,3.4108e-05,false
178,0.0194397,0.0158226,0.00165464,5.5865e-05,false
179,0.0301445,0.0169058,0.00166585,3.6718e-05,false
180,0.0189478,0.0144906,0.00186123,3.0239e-05,false
181,0.0450245,0.0121716,0.00267962,7.6378e-05,false
182,0.020754,0.0169727,0.00217893,3.6842e-05,false
183,0.0195712,0.00824358,0.00134978,3.6216e-05,false
184,0.0308055,0.0171934,0.00173696,3.4914e-05,false
185,0.03145,0.0138235,0.00182202,3.7689e-05,false
186,0.0160811,0.0100125,0.00151488,2.8963e-05,false
187,0.0335594,0.0139846,0.00188054,3.5439e-05,false
188,0.0162487,0.0102185,0.00234581,6.3908e-05,false
189,0.0340575,0.0132926,0.00181727,6.2427e-05,false
190,0.0154799,0.00981057,0.00209973,3.7107e-05,false
191,0.0349424,0.0140892,0.0017961,4.5047e-05,false
192,0.0162726,0.0107235,0.00326303,3.3473e-05,false
193,0.0333075,0.0137934,0.00179868,3.7116e-05,false
194,0.0160247,0.0134388,0.00201314,4.4535e-05,false
195,0.0158145,0.00906022,0.00147657,2.6981e-05,false
196,0.0354531,0.0162571,0.00176393,3.3806e-05,false
197,0.0184442,0.00862396,0.00147493,3.9184e-05,false
198,0.0315736,0.0141788,0.00171119,3.4599e-05,false
199,0.0163089,0.00984656,0.00142556,2.7367e-05,false
200,0.034005,0.0142413,0.00164077,3.2578e-05,false
201,0.0162835,0.010009,0.00332184,0.000161456,false
202,0.0332289,0.0131687,0.00210881,3.7079e-05,false
203,0.015649,0.0103382,0.00388294,0.000107768,false
204,0.0344162,0.0134359,0.00169366,3.4245e-05,false
205,0.0155065,0.0109502,0.00481255,3.5755e-05,false
206,0.0341332,0.0140434,0.00174759,3.3246e-05,false
207,0.0161457,0.0100041,0.00457999,2.8827e-05,false
208,0.0352371,0.0138885,0.0017899,4.7176e-05,false
209,0.016066,0.0129075,0.00165843,3.2796e-05,false
210,0.0342063,0.0125156,0.00170308,4.3642e-05,false
211,0.014676,0.012426,0.00173823,3.7676e-05,false
212,0.0154697,0.00934364,0.00152434,3.0792e-05,false
213,0.0351996,0.0165513,0.00177308,3.9997e-05,false
214,0.0187638,0.00948189,0.0045686,3.0007e-05,false
215,0.0322054,0.0153132,0.00166351,3.7667e-05,false
216,0.0173867,0.01396,0.00170973,3.2801e-05,false
217,0.031263,0.0157763,0.00165017,3.9824e-05,false
218,0.0178764,0.0140065,0.00179223,3.6247e-05,false
219,0.0349906,0.0136545,0.00167034,3.2888e-05,false
220,0.0157423,0.0137957,0.00163945,3.1974e-05,false
221,0.0158394,0.00865999,0.00142329,2.7582e-05,false
222,0.0336876,0.0163587,0.0018505,3.8354e-05,false
223,0.0185939,0.0115884,0.00172702,4.3319e-05,false
224,0.0298468,0.0185588,0.00168409,3.4959e-05,false
225,0.0206565,0.0157771,0.00163609,2.7862e-05,false
226,0.0321169,0.0158476,0.00178229,3.3647e-05,false
227,0.0179841,0.0154109,0.00168431,3.3324e-05,false
228,0.017516,0.0154321,0.00202908,3.6015e-05,false
229,0.0291121,0.0178381,0.0017355,4.3509e-05,false
230,0.019952,0.0153706,0.00164889,3.2937e-05,false
231,0.0304884,0.0161876,0.00165846,3.3935e-05,false
232,0.0182149,0.0150513,0.00183371,3.4344e-05,false
233,0.0172863,0.0112953,0.0042981,2.9488e-05,false
234,0.0308665,0.0178595,0.00171183,4.0524e-05,false
235,0.0200204,0.0127671,0.00168552,3.5364e-05,false
236,0.0298462,0.0180921,0.00171084,3.7908e-05,false
237,0.0202629,0.0149507,0.00165061,3.259e-05,false
238,0.0170199,0.0134603,0.00253494,3.2335e-05,false
239,0.0298821,0.0165883,0.00164006,3.3103e-05,false
240,0.0186564,0.0140939,0.00185755,3.7913e-05,false
241,0.0303135,0.0162431,0.0017302,3.5312e-05,false
242,0.018357,0.0142548,0.00178413,4.6327e-05,false
243,0.0333747,0.0138253,0.00162967,3.2327e-05,false
244,0.0159299,0.0143814,0.00164495,3.2886e-05,false
245,0.0163906,0.0082375,0.00148854,2.7472e-05,false
246,0.0323528,0.0155432,0.00170833,3.4057e-05,false
247,0.0176055,0.0111512,0.00194633,3.3971e-05,false
248,0.0143796,0.0133589,0.00157287,3.9428e-05,false
249,0.0348002,0.0184918,0.00174881,3.5329e-05,false
250,0.0206799,0.0147021,0.00180522,3.2161e-05,false
251,0.0291327,0.0177644,0.00171152,3.744e-05,false
252,0.0199179,0.0161397,0.00169408,3.2854e-05,false
253,0.018251,0.0148971,0.00168822,3.0506e-05,false
254,0.0289655,0.0186872,0.00174443,4.0233e-05,false
255,0.0208743,0.0164997,0.00174927,5.1237e-05,false
256,0.018697,0.0149013,0.00169139,3.1654e-05,false
257,0.026912,0.0180514,0.00165612,3.2638e-05,false
258,0.0201316,0.015186,0.00172041,3.8308e-05,false
259,0.0327028,0.0161665,0.00171065,3.5089e-05,false
260,0.0183318,0.0162097,0.00166348,3.2488e-05,false
261,0.0182422,0.012656,0.00163122,4.0823e-05,false
262,0.0270217,0.016921,0.0016811,4.0207e-05,false
263,0.0190463,0.0141567,0.00174434,3.2603e-05,false
264,0.0162716,0.0137832,0.00315116,2.9347e-05,false
265,0.0322362,0.017023,0.00270175,5.7141e-05,false
266,0.0202231,0.0154566,0.00174511,3.5803e-05,false
267,0.0316829,0.0169818,0.00199218,4.129e-05,false
268,0.0195459,0.0139622,0.00169851,3.1483e-05,false
269,0.0160672,0.0122442,0.00170143,2.9573e-05,false
270,0.0288886,0.01783,0.00177892,3.2957e-05,false
271,0.0200062,0.0137518,0.00175125,3.777e-05,false
272,0.0159297,0.0142487,0.00206591,3.441e-05,false
273,0.0302042,0.016,0.00175369,3.3475e-05,false
274,0.0181642,0.0136299,0.00186344,4.4551e-05,false
275,0.0158749,0.0111231,0.00148972,2.6752e-05,false
276,0.0337386,0.0179519,0.0018152,4.0318e-05,false
277,0.0202163,0.014804,0.00172737,3.2914e-05,false
278,0.0169545,0.0151153,0.00171305,3.0792e-05,false
279,0.0290939,0.0167917,0.00168504,3.4138e-05,false
280,0.0189071,0.0153455,0.00180233,3.8057e-05,false
281,0.017584,0.0132657,0.00206103,3.4146e-05,false
282,0.030027,0.0178179,0.00172345,3.4022e-05,false
283,0.0199646,0.0135913,0.00167953,3.9148e-05,false
284,0.0156854,0.0146197,0.00191655,3.2932e-05,false
285,0.0312197,0.0169679,0.00174995,3.8595e-05,false
286,0.0191468,0.0155397,0.0016845,3.3488e-05,false
287,0.0175954,0.0130713,0.00189757,4.8731e-05,false
288,0.0291027,0.0174029,0.00179103,3.6938e-05,false
289,0.0196429,0.0139057,0.00186395,3.8886e-05,false
290,0.0161318,0.0143511,0.0018641,3.823e-05,false
291,0.031395,0.0157934,0.00163009,3.3427e-05,false
292,0.0178498,0.0141623,0.00177839,3.9357e-05,false
293,0.0163652,0.0124305,0.00288369,4.8292e-05,false
294,0.033772,0.016457,0.00176798,3.3994e-05,false
295,0.0187057,0.0138618,0.00161212,3.1971e-05,false
296,0.0158775,0.0145996,0.00176558,3.9428e-05,false
297,0.0330291,0.0163639,0.00458318,0.000118996,false
298,0.021751,0.0138089,0.00177656,3.339e-05,false
299,0.0160153,0.0157088,0.00162401,3.0349e-05,false
300,0.0288683,0.0164193,0.00471222,3.9185e-05,false
301,0.0216196,0.0141816,0.0016671,3.2464e-05,false
302,0.0162276,0.0154611,0.00172377,4.5055e-05,false
303,0.0176452,0.0165263,0.00231135,3.8623e-05,false
304,0.0268498,0.0174017,0.00177824,3.4586e-05,false
305,0.0196126,0.0156217,0.00213674,3.4598e-05,false
306,0.0181404,0.0155834,0.002136,5.062e-05,false
307,0.0281075,0.0173945,0.00190927,3.522e-05,false
308,0.0197416,0.0178238,0.00184847,3.5867e-05,false
309,0.0310249,0.0143291,0.00165724,3.3663e-05,false
310,0.0163949,0.0179308,0.00212567,3.4512e-05,false
311,0.0204818,0.0111043,0.00163814,2.8986e-05,false
312,0.0298975,0.0121753,0.00250384,4.9577e-05,false
313,0.0151124,0.012038,0.00176441,3.5034e-05,false
314,0.0150637,0.00905954,0.00547751,3.5478e-05,false
315,0.0370674,0.011252,0.00259234,4.1213e-05,false
316,0.0142358,0.0122175,0.0021088,3.6711e-05,false
317,0.0156062,0.011239,0.00655255,4.2858e-05,false
318,0.0351926,0.0147657,0.00220993,3.6762e-05,false
319,0.0173661,0.0140424,0.00321537,7.2427e-05,false
320,0.0178409,0.00972281,0.00213217,3.7866e-05,false
321,0.0327548,0.0203712,0.00279635,7.0266e-05,false
322,0.0238103,0.0140084,0.001671,3.3202e-05,false
323,0.0261581,0.0158822,0.00456754,0.000124929,false
324,0.0215607,0.011213,0.00168051,3.5795e-05,false
325,0.0133696,0.0129782,0.00168269,4.1977e-05,false
326,0.0327435,0.0105764,0.00194838,3.5943e-05,false
327,0.0130162,0.0122076,0.00169695,3.2672e-05,false
328,0.0160632,0.0108534,0.00444387,4.0495e-05,false
329,0.0168201,0.0112649,0.00167223,3.4027e-05,false
330,0.0374467,0.0148225,0.00242575,3.9573e-05,false
331,0.0178553,0.0152081,0.00173512,3.416e-05,false
332,0.0173252,0.0105477,0.001668,2.9835e-05,false
333,0.0311352,0.0125748,0.00183984,4.2919e-05,false
334,0.0148468,0.0110721,0.00168115,3.0526e-05,false
335,0.0145914,0.0120491,0.00261805,3.8941e-05,false
336,0.0163659,0.0106693,0.00163975,3.4151e-05,false
337,0.0365502,0.0114042,0.00251553,5.0534e-05,false
338,0.0144308,0.0155845,0.00191079,6.4492e-05,false
339,0.0179563,0.00830306,0.00455775,3.098e-05,false
340,0.0342144,0.0122108,0.00192213,3.6046e-05,false
341,0.0144951,0.0111745,0.00160293,2.8852e-05,false
342,0.016136,0.0136773,0.00267288,5.7167e-05,false
343,0.0171814,0.0118885,0.0039368,0.000103396,false
344,0.0369787,0.0153955,0.00337708,4.07e-05,false
345,0.0192094,0.0135458,0.00165639,3.351e-05,false
346,0.0156421,0.0105251,0.0016704,3.0385e-05,false
347,0.0307269,0.013273,0.00173621,3.6121e-05,false
348,0.0154664,0.0116527,0.00169169,3.5802e-05,false
349,0.0145523,0.00842822,0.00424048,0.000128714,false
350,0.0358675,0.0145032,0.00517006,3.7708e-05,false
351,0.0200303,0.010487,0.00245254,6.037e-05,false
352,0.0134228,0.0168528,0.00180653,3.2586e-05,false
353,0.0190527,0.0134982,0.00177175,3.0072e-05,false
354,0.0319096,0.0138111,0.00212372,4.4522e-05,false
355,0.0164127,0.0135671,0.00171033,3.1756e-05,false
356,0.0156257,0.011463,0.00223715,4.0779e-05,false
357,0.0150278,0.0121245,0.00489725,4.5887e-05,false
358,0.0364565,0.0129788,0.00229067,4.024e-05,false
359,0.015677,0.0137251,0.00180634,3.2342e-05,false
360,0.0159256,0.00967571,0.00368539,3.7008e-05,false
361,0.0148,0.0120518,0.00250997,3.6944e-05,false
362,0.036259,0.0105552,0.00202858,5.488e-05,false
363,0.0138822,0.0139275,0.00218903,6.2284e-05,false
364,0.0169299,0.00871213,0.00389405,0.000131945,false
365,0.0357385,0.0154254,0.0055738,4.067e-05,false
366,0.0214565,0.00982029,0.00181216,3.5755e-05,false
367,0.0120022,0.0145045,0.00193016,3.6436e-05,false
368,0.0168029,0.0127416,0.0020906,3.4638e-05,false
369,0.0333833,0.0130545,0.00205019,3.8246e-05,false
370,0.0154886,0.0134806,0.00233229,8.9691e-05,false
371,0.0162977,0.0119602,0.00211788,3.6731e-05,false
372,0.0151807,0.0115288,0.0020332,9.0911e-05,false
373,0.0373897,0.0103313,0.00188486,3.8428e-05,false
374,0.0127574,0.0136546,0.00179678,3.5632e-05,false
375,0.0164682,0.009681,0.00386385,3.1797e-05,false
376,0.016676,0.0114793,0.00421289,9.8473e-05,false
377,0.0364908,0.011912,0.00189967,4.4439e-05,false
378,0.0142047,0.0139104,0.00181471,3.4814e-05,false
379,0.0160673,0.0106395,0.00179363,3.2961e-05,false
380,0.0167464,0.014637,0.00218205,3.398e-05,false
381,0.0355362,0.0129856,0.0029834,0.000109347,false
382,0.0168954,0.0110434,0.00176729,3.259e-05,false
383,0.0142916,0.0112782,0.00177088,4.3097e-05,false
384,0.016571,0.0154587,0.00197899,5.1911e-05,false
385,0.0179077,0.0103586,0.00407544,2.7673e-05,false
386,0.0344427,0.0144781,0.00510411,3.4991e-05,false
387,0.0199333,0.0100435,0.00180495,3.2998e-05,false
388,0.0122106,0.0150833,0.00179993,3.5375e-05,false
389,0.0172874,0.012244,0.00186655,5.205e-05,false
390,0.0148532,0.0124243,0.00412173,3.0462e-05,false
391,0.0366354,0.013878,0.00224896,3.6452e-05,false
392,0.0166178,0.0144837,0.00169984,3.1089e-05,false
393,0.0165874,0.0120405,0.00195824,2.8511e-05,false
394,0.0143554,0.010773,0.00356547,3.5657e-05,false
395,0.0341484,0.0130768,0.0032645,0.000109731,false
396,0.0173378,0.0114396,0.00165775,3.2577e-05,false
397,0.0142176,0.0119653,0.00183497,3.461e-05,false
398,0.0166279,0.0138711,0.00203471,3.7129e-05,false
399,0.0168031,0.00950516,0.00443579,9.0879e-05,false
400,0.0353529,0.0146511,0.00489109,3.1075e-05,false
401,0.019916,0.0092482,0.00176831,3.4685e-05,false
402,0.0115435,0.0160746,0.0019671,4.7709e-05,false
403,0.0184456,0.0149261,0.00211124,3.3138e-05,false
404,0.024292,0.0150774,0.00209329,4.3576e-05,false
405,0.0307118,0.0157308,0.00205791,3.6755e-05,false
406,0.0305478,0.0153164,0.00176287,4.101e-05,false
407,0.0175632,0.015238,0.00168774,3.4675e-05,false
408,0.0173455,0.0144222,0.00179293,5.9854e-05,false
409,0.0305343,0.0176028,0.00332721,3.8249e-05,false
410,0.0213913,0.0128955,0.00315663,0.000132318,false
411,0.0172161,0.0129699,0.00225616,3.796e-05,false
412,0.0157152,0.0158276,0.00191258,3.6894e-05,false
413,0.0284661,0.0131137,0.00325279,0.00010663,false
414,0.0174505,0.0136516,0.00204523,3.4823e-05,false
415,0.0161039,0.0129892,0.00228505,4.7993e-05,false
416,0.0156978,0.0145609,0.00210012,3.936e-05,false
417,0.0341805,0.0130206,0.00222571,4.2838e-05,false
418,0.0157009,0.0171578,0.00174372,3.6925e-05,false
419,0.0265597,0.00963657,0.00172353,3.6457e-05,false
420,0.0117453,0.0121655,0.00171738,3.117e-05,false
421,0.029423,0.0129521,0.00481868,4.6495e-05,false
422,0.0181966,0.0107541,0.0017602,3.11e-05,false
423,0.0129329,0.0107775,0.00160953,2.95e-05,false
424,0.016652,0.0154999,0.0018708,3.071e-05,false
425,0.0177867,0.0129281,0.00181755,3.0584e-05,false
426,0.015511,0.0125134,0.00402385,0.000187645,false
427,0.0362171,0.0130839,0.00238491,4.8661e-05,false
428,0.0160107,0.0121807,0.00182698,3.9613e-05,false
429,0.0146397,0.0115065,0.00170935,3.7828e-05,false
430,0.0153649,0.0126718,0.00179054,3.4365e-05,false
431,0.0170024,0.00947367,0.00249325,4.9944e-05,false
432,0.0362322,0.0148489,0.00462806,3.1718e-05,false
433,0.0200655,0.00990485,0.0017533,3.4385e-05,false
434,0.0120446,0.0153156,0.00176986,4.6616e-05,false
435,0.0174857,0.0151577,0.00172114,4.5044e-05,false
436,0.0172972,0.0164029,0.00188775,3.0042e-05,false
437,0.0187159,0.0147336,0.00181661,3.978e-05,false
438,0.032239,0.0195505,0.00191042,3.5967e-05,false
439,0.0219094,0.0129774,0.00439484,5.6259e-05,false
440,0.0177757,0.0145365,0.00466018,3.0951e-05,false
441,0.0196132,0.0127035,0.00152836,3.2608e-05,false
442,0.0148253,0.0139904,0.00166078,3.0078e-05,false
443,0.02473,0.0154737,0.00355419,3.4811e-05,false
444,0.0195719,0.0125837,0.00214511,3.7503e-05,false
445,0.0152882,0.0135604,0.00167722,3.2536e-05,false
446,0.0156642,0.016113,0.00170671,3.5278e-05,false
447,0.0181904,0.0151546,0.00175462,4.5853e-05,false
448,0.0172975,0.015474,0.00176351,3.3145e-05,false
449,0.0305992,0.0183871,0.00199741,3.6242e-05,false
450,0.0208189,0.0126535,0.00455749,2.9194e-05,false
451,0.0175861,0.011673,0.00158447,3.1549e-05,false
452,0.0137787,0.0154853,0.00172129,3.4427e-05,false
453,0.0176273,0.0144545,0.00171491,4.654e-05,false
454,0.0166163,0.0144011,0.00164147,3.2016e-05,false
455,0.0304818,0.0145257,0.00433732,3.9531e-05,false
456,0.0192959,0.0126302,0.00321665,0.000133672,false
457,0.0169801,0.0117236,0.00162759,3.5133e-05,false
458,0.0137625,0.0150425,0.00169338,3.1327e-05,false
459,0.0171529,0.0138614,0.00187535,3.3786e-05,false
460,0.0161196,0.0143211,0.00202983,3.3397e-05,false
461,0.0328685,0.0125123,0.00197154,3.6696e-05,false
462,0.0151395,0.0151278,0.00206955,3.4221e-05,false
463,0.0176144,0.0110145,0.00167707,4.13e-05,false
464,0.0149628,0.013849,0.00193358,3.6467e-05,false
465,0.0168928,0.0111706,0.00367353,3.2955e-05,false
466,0.0165963,0.0110748,0.0034245,9.5625e-05,false
467,0.0359266,0.0117724,0.0024185,5.8175e-05,false
468,0.0159017,0.0110446,0.00163438,4.0109e-05,false
469,0.0141322,0.0119892,0.00178744,3.1849e-05,false
470,0.0168187,0.0134179,0.00181646,3.4405e-05,false
471,0.0168282,0.0124501,0.00181536,3.2859e-05,false
472,0.0171587,0.0130477,0.00310267,3.5153e-05,false
473,0.0354283,0.012115,0.00257543,4.2867e-05,false
474,0.0151698,0.0117526,0.0016307,2.9271e-05,false
475,0.0162191,0.0120814,0.00178987,3.73e-05,false
476,0.0167064,0.0142716,0.00190494,3.5948e-05,false
477,0.016629,0.0124595,0.00170339,3.1955e-05,false
478,0.0165945,0.0118557,0.00325071,3.3352e-05,false
479,0.0354378,0.0154397,0.00201814,4.7713e-05,false
480,0.0178889,0.0105416,0.00198068,8.7067e-05,false
481,0.0179875,0.0095974,0.00169084,3.444e-05,false
482,0.0126509,0.0138273,0.0018714,3.2941e-05,false
483,0.0160778,0.0122932,0.00175607,3.4278e-05,false
484,0.0161051,0.0118267,0.00225715,3.3904e-05,false
485,0.0168688,0.00974876,0.00325834,0.000113875,false
486,0.0360707,0.0170351,0.00206378,3.4845e-05,false
487,0.0196249,0.0085254,0.00166506,3.3619e-05,false
488,0.0113503,0.0162563,0.00176903,3.3575e-05,false
489,0.0183767,0.0155075,0.00174574,3.0826e-05,false
490,0.0176438,0.0156964,0.00170525,3.1186e-05,false
491,0.0177555,0.015301,0.0017106,3.4564e-05,false
492,0.0174141,0.0157732,0.00187394,4.0035e-05,false
493,0.0306347,0.0190682,0.00188937,3.6439e-05,false
494,0.0214348,0.0153657,0.00197834,3.0996e-05,false
495,0.0177284,0.0141874,0.00329384,3.3997e-05,false
496,0.0178581,0.0135222,0.00478702,2.7691e-05,false
497,0.0186273,0.0130974,0.00257613,0.000184523,false
498,0.0167599,0.0147315,0.00191688,7.5082e-05,false
499,0.0172088,0.0149855,0.0017442,3.5359e-05,false
500,0.0232347,0.0179459,0.00199995,3.7312e-05,false
501,0.020364,0.0153328,0.00181143,3.5684e-05,false
502,0.0175617,0.0147949,0.00325189,3.2072e-05,false
503,0.0183961,0.015291,0.00353481,3.9093e-05,false
504,0.0192281,0.0147081,0.00327989,3.2218e-05,false
505,0.0183548,0.0135522,0.00463174,3.7617e-05,false
506,0.0186192,0.0147953,0.00380267,3.4051e-05,false
507,0.0190924,0.0142203,0.00450353,3.249e-05,false
508,0.0190698,0.0131313,0.00504917,3.7814e-05,false
509,0.0185713,0.0133331,0.00453959,0.000108694,false
510,0.0186491,0.0146128,0.00459279,9.9645e-05,false
511,0.0197105,0.0136826,0.00472147,4.3846e-05,false
512,0.0188031,0.0147572,0.00452031,3.1586e-05,false
513,0.0197676,0.0135201,0.00456875,2.9804e-05,false
514,0.0184233,0.0134439,0.00494038,4.3492e-05,false
515,0.0195238,0.0138569,0.0043979,3.6052e-05,false
516,0.0186188,0.0145985,0.00368967,3.2016e-05,false
517,0.0186345,0.0138457,0.0045268,4.4734e-05,false
518,0.0187204,0.0143745,0.00464573,3.107e-05,false
519,0.0193612,0.0145033,0.00404554,3.839e-05,false
520,0.0189605,0.0144712,0.00345843,3.8041e-05,false
521,0.0183252,0.015065,0.00385251,3.7278e-05,false
522,0.0193438,0.0137806,0.00439302,3.8618e-05,false
523,0.0186461,0.0142148,0.00362044,3.9581e-05,false
524,0.0182554,0.0152574,0.00278594,3.3173e-05,false
525,0.0184732,0.0159515,0.00255895,3.9479e-05,false
526,0.0189527,0.0170008,0.00197175,3.3912e-05,false
527,0.0193704,0.0160072,0.00188778,3.2884e-05,false
528,0.0182631,0.0165633,0.00179742,3.4486e-05,false
529,0.0187486,0.0153088,0.00191968,3.3627e-05,false
530,0.0185026,0.0159898,0.00185391,4.64e-05,false
531,0.0182158,0.0153302,0.00182713,3.4031e-05,false
532,0.0175297,0.016528,0.00197125,4.0708e-05,false
533,0.0190029,0.0155403,0.00245781,3.9646e-05,false
534,0.0184298,0.0161527,0.00211144,3.4277e-05,false
535,0.018661,0.0164111,0.00191031,3.7495e-05,false
536,0.018717,0.0166124,0.00187674,3.3748e-05,false
537,0.0188813,0.0157307,0.00177127,3.5247e-05,false
538,0.0179208,0.0146734,0.00276986,3.4919e-05,false
539,0.0178325,0.0149138,0.00343412,3.5642e-05,false
540,0.0187367,0.0158958,0.00254529,3.5224e-05,false
541,0.0187949,0.0155284,0.00200507,3.3095e-05,false
542,0.0178949,0.0157102,0.00173948,3.3179e-05,false
543,0.0178432,0.015512,0.00256835,5.7913e-05,false
544,0.0185017,0.0156209,0.00238976,3.5883e-05,false
545,0.0184081,0.014853,0.00302393,3.2958e-05,false
546,0.0182342,0.0154886,0.00276299,3.6483e-05,false
547,0.0186609,0.014323,0.00307969,3.3902e-05,false
548,0.0177775,0.0169783,0.00183236,3.6531e-05,false
549,0.0192099,0.016365,0.00201461,4.8295e-05,false
550,0.0187698,0.0154275,0.00205117,3.5316e-05,false
551,0.0178761,0.0162881,0.0019043,3.2122e-05,false
552,0.0185575,0.016332,0.00180841,4.1315e-05,false
553,0.0185782,0.016395,0.00191525,4.126e-05,false
554,0.0187365,0.016098,0.00184401,3.5481e-05,false
555,0.018347,0.0159267,0.00205535,3.293e-05,false
556,0.0183651,0.0167489,0.00188706,3.6302e-05,false
557,0.019096,0.01671,0.00181673,3.5133e-05,false
558,0.0189529,0.0157974,0.0022586,3.7268e-05,false
559,0.0184431,0.0155867,0.00180052,3.6758e-05,false
560,0.0177757,0.0156606,0.00176891,3.0609e-05,false
561,0.0177841,0.0158943,0.00181317,3.426e-05,false
562,0.0180855,0.0156718,0.0018147,4.4897e-05,false
563,0.0178582,0.0152213,0.0017455,3.3283e-05,false
564,0.0173316,0.0163894,0.00197769,3.5694e-05,false
565,0.018752,0.0168597,0.00183842,3.2138e-05,false
566,0.0190676,0.0167194,0.00179518,3.5978e-05,false
567,0.0189082,0.0156038,0.00180094,3.3127e-05,false
568,0.0177795,0.015698,0.00185077,3.9035e-05,false
569,0.018684,0.0167594,0.00195015,3.4925e-05,false
570,0.0190995,0.0159308,0.00180155,3.4836e-05,false
571,0.0181088,0.0162335,0.0018744,3.6048e-05,false
572,0.0185008,0.0166882,0.00183581,3.5969e-05,false
573,0.0189146,0.0154836,0.00166926,3.1356e-05,false
574,0.0175213,0.0168183,0.00180859,3.6269e-05,false
575,0.0190465,0.0158889,0.0018205,4.4246e-05,false
576,0.0181114,0.0158598,0.00176989,3.1555e-05,false
577,0.0180242,0.0156473,0.00177307,3.1099e-05,false
578,0.0177888,0.0158474,0.0018875,4.9176e-05,false
579,0.0183794,0.0160319,0.0018421,3.5081e-05,false
580,0.0182496,0.0169378,0.00188125,3.5494e-05,false
581,0.019209,0.0181266,0.00214981,4.6514e-05,false
582,0.0206893,0.0169872,0.00176199,3.5291e-05,false
583,0.0194104,0.0157784,0.00228831,4.2143e-05,false
584,0.0186485,0.0171171,0.00422947,3.2514e-05,false
585,0.0217528,0.0155578,0.00353238,3.0739e-05,false
586,0.0194453,0.0176819,0.00136519,3.1112e-05,false
587,0.0194191,0.0154637,0.00246695,2.8731e-05,false
588,0.0182738,0.0159999,0.00183897,2.9511e-05,false
589,0.0182021,0.015236,0.00300465,3.2238e-05,false
590,0.0186019,0.0157525,0.00316821,3.0789e-05,false
591,0.0192926,0.0152065,0.00127413,2.7234e-05,false
592,0.0190868,0.0156042,0.00348544,3.1611e-05,false
593,0.0194592,0.0163174,0.00150661,3.1079e-05,false
594,0.0182126,0.0173413,0.00137108,4.1127e-05,false
595,0.0190858,0.0151164,0.00337172,3.3691e-05,false
596,0.0188755,0.0173284,0.00133898,3.1231e-05,false
597,0.0190385,0.0150397,0.00287341,3.1758e-05,false
598,0.0182899,0.0172208,0.00132002,3.0522e-05,false
599,0.0189462,0.0152465,0.0013072,4.0576e-05,false
600,0.0186248,0.0172227,0.00175674,3.4016e-05,false
601,0.0193976,0.0169828,0.00137596,3.0835e-05,false
602,0.0187383,0.0175034,0.00134191,3.0325e-05,false
603,0.0191938,0.0165124,0.00160455,2.9115e-05,false
604,0.0184599,0.0170324,0.0013423,3.155e-05,false
605,0.0187696,0.0152458,0.0031589,3.1071e-05,false
606,0.0187683,0.0173202,0.00132428,2.8846e-05,false
607,0.0190299,0.0152334,0.00358038,4.4679e-05,false
608,0.0192349,0.0151175,0.00302791,2.8377e-05,false
609,0.0184922,0.0152389,0.00257896,2.8758e-05,false
610,0.0181511,0.016242,0.00142803,2.9098e-05,false
611,0.0180067,0.014848,0.00360499,3.1892e-05,false
612,0.0188162,0.0172723,0.00135338,3.2792e-05,false
613,0.0190031,0.0169782,0.00133027,3.8746e-05,false
614,0.0186758,0.0150063,0.00320708,2.9883e-05,false
615,0.0185785,0.0142389,0.00125935,2.7584e-05,false
616,0.018267,0.014695,0.00368734,3.5286e-05,false
617,0.0188206,0.0154039,0.00261432,3.0899e-05,false
618,0.0183728,0.0159484,0.00275795,3.0749e-05,false
619,0.0190777,0.0165248,0.00199835,2.848e-05,false
620,0.0188627,0.0174258,0.00133556,3.2227e-05,false
621,0.0191522,0.0169584,0.00129669,3.0733e-05,false
622,0.0186225,0.0175787,0.00132884,3.1438e-05,false
623,0.019314,0.0146467,0.00130728,2.8592e-05,false
624,0.0183975,0.0182646,0.00138532,3.258e-05,false
625,0.0200517,0.0168869,0.00138169,2.9291e-05,false
626,0.018601,0.0172666,0.0016062,4.0395e-05,false
627,0.0192235,0.016648,0.00138222,3.2416e-05,false
628,0.018445,0.0166238,0.0013267,2.9737e-05,false
629,0.0183034,0.0158834,0.00236174,3.0529e-05,false
630,0.0186157,0.0159133,0.0025493,3.2439e-05,false
631,0.0188516,0.0156916,0.00370654,3.1494e-05,false
632,0.0197499,0.0163775,0.00141706,3.1344e-05,false
633,0.0181588,0.0173711,0.00143125,3.5886e-05,false
634,0.0192666,0.0177205,0.00139346,2.8615e-05,false
635,0.0194922,0.0176642,0.00134688,3.1082e-05,false
636,0.019395,0.0175574,0.00129358,3.1824e-05,false
637,0.0192245,0.0148534,0.00125691,2.8745e-05,false
638,0.0187902,0.017917,0.0014769,3.1869e-05,false
639,0.0198646,0.0176777,0.00134277,4.1687e-05,false
640,0.0193969,0.0177334,0.00138453,2.8434e-05,false
641,0.0194686,0.0166862,0.00133883,2.884e-05,false
642,0.0183762,0.0170649,0.00135907,3.209e-05,false
643,0.0188053,0.0176153,0.00134638,3.2003e-05,false
644,0.019346,0.0149219,0.00126717,3.0083e-05,false
645,0.0185417,0.0167111,0.00194807,4.175e-05,false
646,0.019057,0.0163449,0.00131232,2.8467e-05,false
647,0.0180095,0.0163658,0.00132853,3.1798e-05,false
648,0.0180581,0.0164939,0.00137429,3.1991e-05,false
649,0.0182334,0.0172505,0.0013925,3.259e-05,false
650,0.0189937,0.0158305,0.00265563,2.9941e-05,false
651,0.0188535,0.0162058,0.00135439,2.782e-05,false
652,0.0179165,0.0178887,0.00135468,3.1919e-05,false
653,0.0196538,0.0159527,0.00333529,2.8273e-05,false
654,0.0196273,0.0180317,0.00136962,3.1565e-05,false
655,0.0197958,0.0175703,0.00133138,3.1836e-05,false
656,0.0192644,0.0169222,0.001382,3.1227e-05,false
657,0.0186666,0.0163064,0.00142189,3.2103e-05,false
658,0.0181375,0.0169485,0.00137562,5.459e-05,false
659,0.0188455,0.0174134,0.00134302,3.2552e-05,false
660,0.019145,0.0171547,0.00241427,3.3846e-05,false
661,0.019928,0.0174107,0.00136517,3.1069e-05,false
662,0.0191402,0.0166941,0.00135701,2.949e-05,false
663,0.0184064,0.0164411,0.00147219,2.5138e-05,false
664,0.0199375,0.0186011,0.00444829,5.9808e-05,false
665,0.0236219,0.0171049,0.00255935,5.2769e-05,false
666,0.0201173,0.0180595,0.00197505,7.9933e-05,false
667,0.0206093,0.0171481,0.00440475,3.2089e-05,false
668,0.0219401,0.0178854,0.00132337,3.1754e-05,false
669,0.0196157,0.0146385,0.00276595,0.000129651,false
670,0.0185021,0.0177169,0.00143795,3.27e-05,false
671,0.0196589,0.0177434,0.00137239,3.8107e-05,false
672,0.0194687,0.0176806,0.00133886,4.2268e-05,false
673,0.01944,0.017605,0.00135907,3.117e-05,false
674,0.0193654,0.0180039,0.00136917,3.4002e-05,false
675,0.0198419,0.0172025,0.00354799,3.4718e-05,false
676,0.0211244,0.0183521,0.00139059,3.3304e-05,false
677,0.0201439,0.0179435,0.00135412,3.7462e-05,false
678,0.0196638,0.0180735,0.0014037,3.2926e-05,false
679,0.0198788,0.0180085,0.00138758,3.2307e-05,false
680,0.0198159,0.0177294,0.00188929,3.2703e-05,false
681,0.0200096,0.0179272,0.00139217,2.9829e-05,false
682,0.0196881,0.018508,0.00134581,3.2967e-05,false
683,0.0202371,0.0165817,0.00138981,2.9207e-05,false
684,0.0183472,0.0179683,0.00138815,3.2422e-05,false
685,0.0197854,0.0160713,0.00134202,2.9078e-05,false
686,0.0196011,0.0174352,0.0013799,3.1468e-05,false
687,0.0192244,0.017119,0.00139275,3.2192e-05,false
688,0.0188901,0.0171893,0.00134792,2.9611e-05,false
689,0.018885,0.0166223,0.00133512,2.888e-05,false
690,0.0183141,0.0172061,0.00136065,3.921e-05,false
691,0.0189628,0.0166759,0.00132149,3.2252e-05,false
692,0.0184202,0.016855,0.00132867,2.9872e-05,false
693,0.018568,0.0150754,0.00128507,2.8471e-05,false
694,0.0187715,0.0171336,0.00145432,3.1585e-05,false
695,0.0189836,0.0179826,0.00137519,2.9219e-05,false
696,0.0197302,0.0182012,0.00132452,2.895e-05,false
697,0.0198951,0.0170932,0.00135894,3.1938e-05,false
698,0.0188965,0.0169992,0.00136314,3.053e-05,false
699,0.0187803,0.0176318,0.00133184,3.1185e-05,false
700,0.0193401,0.0152501,0.0036765,3.0542e-05,false
701,0.0192727,0.0168886,0.00143414,3.2456e-05,false
702,0.018755,0.0178387,0.00133788,3.1387e-05,false
703,0.0195717,0.0173661,0.00137175,4.1684e-05,false
704,0.0191355,0.0179306,0.00132088,2.8681e-05,false
705,0.0196429,0.017671,0.00130519,3.1255e-05,false
706,0.0193785,0.0153983,0.0017728,9.7733e-05,false
707,0.01914,0.0168976,0.00144064,3.3127e-05,false
708,0.018778,0.0176919,0.00139203,3.2014e-05,false
709,0.0194558,0.0178899,0.00138194,3.9321e-05,false
710,0.0196286,0.0177473,0.00133299,3.3084e-05,false
711,0.0194663,0.0177126,0.00140535,3.1389e-05,false
712,0.0195284,0.0164102,0.00204707,0.000115761,false
713,0.0202589,0.0165825,0.00134281,3.3362e-05,false
714,0.0183379,0.0176232,0.00139891,3.1195e-05,false
715,0.0194073,0.0177782,0.0014016,4.0745e-05,false
716,0.0195977,0.0172061,0.00147244,3.3019e-05,false
717,0.0191174,0.0174071,0.00133642,3.0939e-05,false
718,0.0191628,0.0167517,0.00132187,3.0831e-05,false
719,0.0184481,0.0151601,0.00130883,2.9194e-05,false
720,0.0185859,0.0183051,0.00135144,3.1713e-05,false
721,0.0200416,0.0169245,0.0013932,3.3438e-05,false
722,0.0186943,0.0171236,0.00139715,4.3434e-05,false
723,0.0189326,0.0167822,0.00137052,2.9102e-05,false
724,0.0185354,0.0179328,0.00133289,3.2646e-05,false
725,0.0196771,0.0166963,0.00133108,3.1243e-05,false
726,0.0184374,0.0153133,0.00136507,6.5943e-05,false
727,0.0187544,0.0178796,0.00134078,3.22e-05,false
728,0.0196248,0.0168658,0.00133413,2.9301e-05,false
729,0.0185466,0.0165648,0.0013311,2.9959e-05,false
730,0.0182792,0.017138,0.00132342,2.8573e-05,false
731,0.0188306,0.01685,0.00141465,3.2592e-05,false
732,0.0186549,0.01785,0.00136537,3.2615e-05,false
733,0.0196195,0.0153706,0.00125757,2.751e-05,false
734,0.0193876,0.0180495,0.00150203,3.2202e-05,false
735,0.0200355,0.0181116,0.00137943,5.4367e-05,false
736,0.0199339,0.0183791,0.00137513,3.1776e-05,false
737,0.0201807,0.0177481,0.00137328,2.9455e-05,false
738,0.0195062,0.016888,0.0013215,2.9589e-05,false
739,0.0185849,0.015052,0.00125827,3.6291e-05,false
740,0.0186552,0.018613,0.0013702,3.4897e-05,false
741,0.0204068,0.0169306,0.00133094,3.9915e-05,false
742,0.0186403,0.0173202,0.00134162,2.9426e-05,false
743,0.0190197,0.0176464,0.00139364,3.3275e-05,false
744,0.0194589,0.0175027,0.0013601,2.9172e-05,false
745,0.0192963,0.0179038,0.00137839,3.1408e-05,false
746,0.0196727,0.0178812,0.00133822,3.1831e-05,false
747,0.0196063,0.0172462,0.00137164,3.1206e-05,false
748,0.0190257,0.0170433,0.00133276,2.8175e-05,false
749,0.0187346,0.0173402,0.00140319,3.1413e-05,false
750,0.0191205,0.0183418,0.00138697,2.9704e-05,false
751,0.0201158,0.0175663,0.00138593,3.2879e-05,false
752,0.0193635,0.0176165,0.00197089,2.8631e-05,false
753,0.0199487,0.0178997,0.00140788,3.3719e-05,false
754,0.0197226,0.0176145,0.00139529,4.3577e-05,false
755,0.0193914,0.0170252,0.00133704,2.9382e-05,false
756,0.0187472,0.0178811,0.00136817,3.2263e-05,false
757,0.0196763,0.0170041,0.00140815,3.245e-05,false
758,0.0188521,0.0180985,0.00147403,3.1804e-05,false
759,0.0199517,0.0178071,0.0014366,3.4343e-05,false
760,0.0196354,0.0176837,0.00131986,3.2441e-05,false
761,0.0193945,0.0165405,0.00131944,2.9642e-05,false
762,0.0182662,0.016971,0.00132176,2.82e-05,false
763,0.0186497,0.0177875,0.00135177,3.1563e-05,false
764,0.0195656,0.0154288,0.00124305,2.7994e-05,false
765,0.0194518,0.0170203,0.001435,3.2828e-05,false
766,0.0188854,0.0176834,0.00135984,2.8637e-05,false
767,0.0194245,0.0176987,0.00140335,4.3559e-05,false
768,0.0195234,0.0178789,0.0014063,3.0912e-05,false
769,0.0196882,0.0176049,0.0013991,2.8227e-05,false
770,0.0193911,0.0159361,0.00132149,2.9134e-05,false
771,0.0196497,0.0184558,0.0013667,3.2479e-05,false
772,0.0202672,0.017825,0.00136665,3.3106e-05,false
773,0.0196221,0.018359,0.00136607,4.3394e-05,false
774,0.0201287,0.0176717,0.00139145,3.3562e-05,false
775,0.0194827,0.017583,0.00134992,3.1894e-05,false
776,0.0193495,0.0167901,0.00261923,2.9955e-05,false
777,0.0197709,0.0172739,0.00138101,3.132e-05,false
778,0.0190458,0.0183436,0.00144297,3.4695e-05,false
779,0.020223,0.0183589,0.00135498,3.1928e-05,false
780,0.0201626,0.0188368,0.00141332,3.2811e-05,false
781,0.0207155,0.0182761,0.00143532,3.0688e-05,false
782,0.0200852,0.0179354,0.00141194,3.2677e-05,false
783,0.0197475,0.0176758,0.00136481,2.9725e-05,false
784,0.0194256,0.0182576,0.00146737,3.1896e-05,false
785,0.0201284,0.0188264,0.00144129,3.2547e-05,false
786,0.0207056,0.0184941,0.00140562,4.2603e-05,false
787,0.0203032,0.0185052,0.0013801,3.2459e-05,false
788,0.0203083,0.0183258,0.00139846,3.2526e-05,false
789,0.0201166,0.0186005,0.00146433,4.3822e-05,false
790,0.0204942,0.0187513,0.00140918,3.2676e-05,false
791,0.0205871,0.0171679,0.0013568,3.0046e-05,false
792,0.018896,0.0175532,0.00135084,3.3111e-05,false
793,0.0193152,0.0179583,0.00141493,3.2732e-05,false
794,0.019809,0.0185694,0.00140228,3.131e-05,false
795,0.020364,0.0180346,0.00136928,3.0948e-05,false
796,0.0198082,0.0159909,0.00325158,2.9181e-05,false
797,0.0196415,0.0168011,0.0013568,2.8859e-05,false
798,0.0185234,0.0178376,0.00137457,3.2985e-05,false
799,0.019621,0.017272,0.00136588,3.9958e-05,false
800,0.019016,0.0183903,0.00139916,3.2545e-05,false
801,0.0202086,0.01844,0.00134796,3.2733e-05,false
802,0.0202052,0.0161582,0.00309914,2.9834e-05,false
803,0.019647,0.0172732,0.00135286,2.8524e-05,false
804,0.019015,0.0176601,0.00135072,3.2956e-05,false
805,0.0194109,0.018042,0.00139608,4.2143e-05,false
806,0.0198503,0.0185315,0.00141852,3.2524e-05,false
807,0.0203539,0.0166888,0.00353347,2.9139e-05,false
808,0.0205832,0.0181483,0.00140444,3.3329e-05,false
809,0.0199609,0.0178801,0.00136465,2.9902e-05,false
810,0.0196253,0.0175873,0.00134857,2.8673e-05,false
811,0.0193221,0.017536,0.00135242,3.3076e-05,false
812,0.0193183,0.0187689,0.00152584,3.4843e-05,false
813,0.0207587,0.0165981,0.00189023,2.8901e-05,false
814,0.0188464,0.017759,0.00134301,3.2319e-05,false
815,0.019498,0.0170127,0.00135034,3.0981e-05,false
816,0.0187416,0.0174248,0.00142673,2.8044e-05,false
817,0.0192138,0.0182199,0.00144119,3.0541e-05,false
818,0.0200568,0.0176793,0.00135278,3.9644e-05,false
819,0.0194349,0.0171734,0.00161822,3.1572e-05,false
820,0.0192143,0.0182929,0.0013536,3.3008e-05,false
821,0.0200518,0.0171437,0.00135965,3.0556e-05,false
822,0.0189116,0.0176087,0.00139519,3.2418e-05,false
823,0.0194353,0.0174325,0.00135552,3.2349e-05,false
824,0.0192116,0.0186981,0.00135839,3.1618e-05,false
825,0.0204669,0.0171158,0.00138972,2.8463e-05,false
826,0.018891,0.0175,0.0014544,3.4711e-05,false
827,0.0193799,0.018326,0.00143213,3.1359e-05,false
828,0.0201616,0.0184542,0.00135583,3.0661e-05,false
829,0.0202059,0.0173048,0.00137563,3.253e-05,false
830,0.01909,0.01685,0.00347168,3.2724e-05,false
831,0.0207554,0.0169669,0.00135528,3.8687e-05,false
832,0.0187031,0.0180932,0.00147311,3.4337e-05,false
833,0.0199665,0.0179197,0.00144819,3.2829e-05,false
834,0.019773,0.0175442,0.00135182,3.4151e-05,false
835,0.0193183,0.0168408,0.00135301,3.0925e-05,false
836,0.0185683,0.0159084,0.0035578,0.000114086,false
837,0.019948,0.0170776,0.00139333,4.1569e-05,false
838,0.0188692,0.0175181,0.00137564,2.9838e-05,false
839,0.019279,0.0172086,0.00137488,2.9787e-05,false
840,0.0189515,0.0178341,0.00151048,3.1574e-05,false
841,0.0197441,0.0180462,0.00152085,3.4396e-05,false
842,0.0200274,0.0164092,0.00413523,3.4814e-05,false
843,0.0209553,0.0181273,0.0015668,3.456e-05,false
844,0.0201347,0.0192751,0.00153494,3.2252e-05,false
845,0.0212361,0.0181127,0.00155696,3.0582e-05,false
846,0.0200611,0.0168428,0.00428038,5.0656e-05,false
847,0.0215705,0.0184763,0.0013987,3.8602e-05,false
848,0.0202894,0.0176441,0.0013839,3.2135e-05,false
849,0.0193881,0.0169268,0.00135907,2.8838e-05,false
850,0.018652,0.0185652,0.00146011,4.2725e-05,false
851,0.0204512,0.0168862,0.00341947,2.8239e-05,false
852,0.0206819,0.0179664,0.00136019,3.0661e-05,false
853,0.0197143,0.0175135,0.00138593,2.9119e-05,false
854,0.0192798,0.0174792,0.00135723,2.7478e-05,false
855,0.0192089,0.0180495,0.00139951,3.1071e-05,false
856,0.0199008,0.0175929,0.0013312,3.0412e-05,false
857,0.0193257,0.0155795,0.00371375,3.2283e-05,false
858,0.0197311,0.0183882,0.00136888,3.018e-05,false
859,0.0201926,0.0177407,0.00142413,3.3074e-05,false
860,0.0195687,0.0185567,0.00139997,2.9916e-05,false
861,0.0203568,0.0182719,0.00139156,2.902e-05,false
862,0.0200489,0.0176304,0.0018406,2.9529e-05,false
863,0.0198737,0.0170416,0.00137724,4.4447e-05,false
864,0.0188413,0.0187021,0.00139726,3.206e-05,false
865,0.0204879,0.0177016,0.0013589,2.9431e-05,false
866,0.0194524,0.0186462,0.00138454,3.2621e-05,false
867,0.0204436,0.0167742,0.00360727,3.2639e-05,false
868,0.0207721,0.0186056,0.00140274,3.2592e-05,false
869,0.0204035,0.0184317,0.00141604,4.6194e-05,false
870,0.0202695,0.0190067,0.00140504,3.2087e-05,false
871,0.0208195,0.0159831,0.00130457,3.8537e-05,false
872,0.0197987,0.0190589,0.00144518,3.2523e-05,false
873,0.0209505,0.018488,0.00145335,3.2636e-05,false
874,0.0203377,0.0186847,0.00139749,3.2282e-05,false
875,0.020504,0.0182734,0.00139101,2.8779e-05,false
876,0.0201088,0.0184042,0.00139903,3.3323e-05,false
877,0.0202127,0.0175956,0.00139768,3.1862e-05,false
878,0.0194094,0.018667,0.00139992,3.2608e-05,false
879,0.0204683,0.0178436,0.0013319,3.0316e-05,false
880,0.0195606,0.0187734,0.00222333,3.2375e-05,false
881,0.0213994,0.0182957,0.00140805,3.2735e-05,false
882,0.0201452,0.0180016,0.00134239,4.3347e-05,false
883,0.0197622,0.0182475,0.00140336,3.3183e-05,false
884,0.0200663,0.0184813,0.00147669,3.0536e-05,false
885,0.0203379,0.0178878,0.00140408,3.1077e-05,false
886,0.0196965,0.0175231,0.00140622,3.0918e-05,false
887,0.0193066,0.0175492,0.00154096,3.6536e-05,false
888,0.0195292,0.0179131,0.00136254,3.23e-05,false
889,0.0196582,0.0173359,0.00138217,2.9792e-05,false
890,0.0191042,0.0182313,0.00139357,3.1989e-05,false
891,0.0200425,0.0155464,0.00127665,2.8766e-05,false
892,0.0195867,0.0183378,0.00137002,3.2973e-05,false
893,0.0201282,0.0174352,0.00141503,3.2134e-05,false
894,0.0192546,0.0183267,0.00137775,2.9527e-05,false
895,0.0200955,0.0172464,0.00134109,3.8598e-05,false
896,0.0189684,0.0177273,0.00135008,2.9095e-05,false
897,0.0194619,0.0156464,0.00287506,0.000139271,false
898,0.0194249,0.0173439,0.00136546,2.9382e-05,false
899,0.0191008,0.0174203,0.00139417,3.2033e-05,false
900,0.0192234,0.0184209,0.00136607,3.3063e-05,false
901,0.0201833,0.017174,0.00132853,3.9557e-05,false
902,0.0189121,0.0182325,0.00134082,3.2273e-05,false
903,0.0199967,0.0156212,0.00288162,0.000124682,false
904,0.019398,0.017514,0.00141128,3.2992e-05,false
905,0.0193254,0.018053,0.00134599,3.1857e-05,false
906,0.0198047,0.0185658,0.0014547,3.4298e-05,false
907,0.0204435,0.0184268,0.00142733,3.7122e-05,false
908,0.0202958,0.017814,0.00251204,2.9154e-05,false
909,0.020707,0.0179219,0.0013842,3.2797e-05,false
910,0.0197035,0.0175723,0.00135114,2.9905e-05,false
911,0.0192941,0.017882,0.0013735,3.4114e-05,false
912,0.0196756,0.017891,0.00142637,4.0664e-05,false
913,0.0197425,0.0171586,0.00134284,2.7971e-05,false
914,0.01891,0.0162259,0.00309019,3.9988e-05,false
915,0.0196778,0.0170839,0.00136875,2.8479e-05,false
916,0.0188342,0.0175621,0.0013828,3.1907e-05,false
917,0.0193472,0.0174515,0.00135274,2.8994e-05,false
918,0.019171,0.0211467,0.0044123,4.5402e-05,false
919,0.0260322,0.0190521,0.00632982,3.6066e-05,false
920,0.0257836,0.0188868,0.00146254,3.2389e-05,false
921,0.020759,0.0177723,0.00176475,3.2858e-05,false
922,0.0199606,0.017655,0.00136445,3.2685e-05,false
923,0.019419,0.0174773,0.00138836,2.9773e-05,false
924,0.0192569,0.0178024,0.00139201,2.8878e-05,false
925,0.0195678,0.017258,0.00135673,2.8903e-05,false
926,0.0189899,0.0186103,0.00140663,3.2735e-05,false
927,0.0204547,0.0184721,0.00141392,3.6903e-05,false
928,0.0202541,0.0181364,0.00136992,3.2633e-05,false
929,0.0198981,0.0175455,0.00135774,2.9845e-05,false
930,0.0192893,0.0178386,0.00138898,3.185e-05,false
931,0.0196695,0.0185556,0.00138116,3.2397e-05,false
932,0.0203535,0.0183247,0.00147254,3.3506e-05,false
933,0.0202187,0.0182239,0.00154486,4.2535e-05,false
934,0.0201706,0.0180382,0.00135834,3.0983e-05,false
935,0.0197967,0.0186247,0.00150672,3.2425e-05,false
936,0.020565,0.0173519,0.00132721,3.2768e-05,false
937,0.0190828,0.0157596,0.00368619,2.9843e-05,false
938,0.0198041,0.0172707,0.00134972,3.2074e-05,false
939,0.0190295,0.0176528,0.00134748,3.1792e-05,false
940,0.0194089,0.0183304,0.0014122,3.2295e-05,false
941,0.0201626,0.0182127,0.00138775,2.9527e-05,false
942,0.0199913,0.0159852,0.00131795,3.7009e-05,false
943,0.0196724,0.017781,0.00142287,3.2569e-05,false
944,0.0196204,0.0184367,0.00140065,3.2489e-05,false
945,0.0202939,0.0172636,0.00135651,3.1042e-05,false
946,0.0190492,0.0189484,0.00140824,4.2745e-05,false
947,0.020754,0.0176868,0.00142248,2.9588e-05,false
948,0.0194839,0.0164797,0.00286775,2.9371e-05,false
949,0.019702,0.0171562,0.00135984,2.8039e-05,false
950,0.0188863,0.0174838,0.00142389,2.774e-05,false
951,0.0192832,0.0175194,0.00134047,2.8688e-05,false
952,0.0192433,0.0177309,0.00144312,2.9961e-05,false
953,0.0196188,0.0187474,0.00142517,3.3224e-05,false
954,0.0206035,0.01839,0.00143771,3.4196e-05,false
955,0.0202431,0.0180084,0.0013713,2.9671e-05,false
956,0.0197979,0.0185692,0.00140699,3.305e-05,false
957,0.0203815,0.0178465,0.00142312,2.9968e-05,false
958,0.0196476,0.017511,0.00134003,2.8907e-05,false
959,0.0192543,0.0160222,0.00322371,3.7957e-05,false
960,0.0196054,0.0172596,0.00135784,2.7631e-05,false
961,0.0189834,0.0171517,0.00157269,2.9998e-05,false
962,0.0190843,0.0173706,0.0013583,3.0763e-05,false
963,0.0191105,0.0184244,0.00140432,3.2115e-05,false
964,0.020247,0.0172706,0.00133875,3.0777e-05,false
965,0.0189946,0.015879,0.00339991,4.3754e-05,false
966,0.0196898,0.0175513,0.00137323,2.984e-05,false
967,0.0193085,0.0180563,0.00138621,3.2702e-05,false
968,0.0198427,0.0177205,0.00134175,2.89e-05,false
969,0.0194454,0.0172218,0.00146457,2.8684e-05,false
970,0.0190587,0.0175051,0.0013382,2.9103e-05,false
971,0.0192415,0.0165789,0.0030521,3.1962e-05,false
972,0.0200161,0.017427,0.00141889,3.2376e-05,false
973,0.0192486,0.0185579,0.00140432,3.1522e-05,false
974,0.0203701,0.0178836,0.00133985,3.1752e-05,false
975,0.01962,0.0173962,0.00137224,2.8304e-05,false
976,0.0191415,0.0159714,0.00131252,3.0407e-05,false
977,0.0197565,0.0180632,0.00143464,3.3116e-05,false
978,0.0199495,0.0180461,0.00144668,5.7176e-05,false
979,0.0199333,0.0177765,0.00140939,2.9856e-05,false
980,0.0195561,0.0186178,0.00139248,3.1609e-05,false
981,0.0204447,0.0174091,0.00140258,3.0809e-05,false
982,0.0197542,0.0184945,0.00134173,3.3945e-05,false
983,0.0202735,0.0174818,0.00133475,3.0533e-05,false
984,0.019219,0.0182357,0.00137904,3.275e-05,false
985,0.0200219,0.0188318,0.00140085,2.9618e-05,false
986,0.0206409,0.017935,0.00132861,2.8081e-05,false
987,0.019638,0.0156687,0.00356983,2.876e-05,false
988,0.0196014,0.0173304,0.00136819,3.2028e-05,false
989,0.0191521,0.0177861,0.0013396,3.272e-05,false
990,0.0195126,0.0182142,0.0013788,3.2559e-05,false
991,0.0200295,0.0183695,0.00135042,4.1855e-05,false
992,0.0201319,0.0160884,0.00361097,3.1655e-05,false
993,0.0201027,0.0171697,0.00135776,2.846e-05,false
994,0.0188887,0.0175737,0.00137011,3.2129e-05,false
995,0.0193488,0.0183685,0.0013593,3.2226e-05,false
996,0.0201274,0.0174442,0.00136377,3.2088e-05,false
997,0.0192341,0.0181323,0.00132274,4.3318e-05,false
998,0.019871,0.0159521,0.00349934,2.9468e-05,false
999,0.0198146,0.0174458,0.00144591,3.1905e-05,false
1000,0.0193126,0.0178976,0.00134201,2.8955e-05,false
1001,0.0196268,0.0173499,0.00134739,3.2092e-05,false
1002,0.019083,0.0172976,0.00134766,2.9056e-05,false
1003,0.0190464,0.0171983,0.00133913,2.8908e-05,false
1004,0.0189269,0.0157919,0.0034275,9.5956e-05,false
1005,0.0197608,0.0178555,0.00139786,3.1787e-05,false
1006,0.0196296,0.0176765,0.00138266,3.2208e-05,false
1007,0.0194418,0.0186055,0.00139902,3.3332e-05,false
1008,0.0204076,0.0186289,0.00140503,3.2479e-05,false
1009,0.0204411,0.0167002,0.00367993,3.2154e-05,false
1010,0.020762,0.0184041,0.00136889,4.3804e-05,false
1011,0.0201777,0.0176649,0.00134431,3.3089e-05,false
1012,0.01945,0.0173677,0.00136057,2.9814e-05,false
1013,0.0191014,0.0178016,0.00138368,3.2025e-05,false
1014,0.0195997,0.0175389,0.00132584,3.3065e-05,false
1015,0.019271,0.0158625,0.00337736,3.0361e-05,false
1016,0.0195959,0.0170688,0.00132436,2.9922e-05,false
1017,0.0187788,0.0175965,0.00140654,3.2784e-05,false
1018,0.0194263,0.0185081,0.00133325,2.9607e-05,false
1019,0.0202087,0.0179224,0.00137549,3.2697e-05,false
1020,0.0197133,0.0158436,0.00129089,3.8057e-05,false
1021,0.019649,0.0185375,0.00144296,3.3356e-05,false
1022,0.0204287,0.0183818,0.00141285,3.2509e-05,false
1023,0.0201873,0.0183317,0.00132596,3.9471e-05,false
1024,0.020037,0.0185518,0.0014089,3.2419e-05,false
1025,0.0203865,0.0167119,0.0035521,2.7602e-05,false
1026,0.0206558,0.0179196,0.00135142,3.0759e-05,false
1027,0.0196577,0.0175088,0.00135921,3.2799e-05,false
1028,0.0192754,0.0174979,0.00136219,3.1792e-05,false
1029,0.0192526,0.0171713,0.00132835,3.9476e-05,false
1030,0.0189095,0.0173042,0.00135096,2.8763e-05,false
1031,0.0190385,0.015672,0.00286633,0.000110811,false
1032,0.0194471,0.0171958,0.00133907,2.8341e-05,false
1033,0.0189057,0.0170614,0.00132253,3.2645e-05,false
1034,0.0187761,0.0172702,0.00132713,2.8988e-05,false
1035,0.0190333,0.0171821,0.00134168,2.751e-05,false
1036,0.0188759,0.0178052,0.00139947,3.1984e-05,false
1037,0.0196154,0.0183539,0.00138503,3.245e-05,false
1038,0.0201509,0.0181955,0.00149948,3.1787e-05,false
1039,0.0201159,0.0175443,0.00138696,3.1948e-05,false
1040,0.019342,0.0186641,0.00138579,3.2045e-05,false
1041,0.0204518,0.0174645,0.00134015,2.8788e-05,false
1042,0.0191773,0.0172382,0.00134032,3.8359e-05,false
1043,0.0189556,0.0157593,0.00127439,2.8516e-05,false
1044,0.0196316,0.0187291,0.00140055,3.2351e-05,false
1045,0.0205605,0.0181802,0.00139141,3.0804e-05,false
1046,0.0199731,0.0182924,0.00136581,3.2768e-05,false
1047,0.0200761,0.017357,0.00135332,2.8736e-05,false
1048,0.0190995,0.0174224,0.00132884,2.8496e-05,false
1049,0.0191428,0.0158265,0.00345865,2.8096e-05,false
1050,0.01966,0.0174841,0.00138189,3.1786e-05,false
1051,0.0192586,0.0176015,0.0013244,2.921e-05,false
1052,0.0193045,0.0174045,0.0013256,2.8353e-05,false
1053,0.0191086,0.0181497,0.00133792,3.2484e-05,false
1054,0.019881,0.0184489,0.00137818,4.1885e-05,false
1055,0.0202577,0.0178004,0.00133818,4.0077e-05,false
1056,0.0195128,0.0176029,0.00139143,3.2063e-05,false
1057,0.0194057,0.0185725,0.00142039,2.8876e-05,false
1058,0.0203619,0.017798,0.0014174,3.256e-05,false
1059,0.0196448,0.0173242,0.00134091,2.9685e-05,false
1060,0.0190477,0.0158893,0.00370336,3.5047e-05,false
1061,0.0200085,0.0182588,0.00140407,3.9857e-05,false
1062,0.0200737,0.0187262,0.00137632,3.2017e-05,false
1063,0.0205195,0.0184901,0.00134036,3.1408e-05,false
1064,0.0202297,0.0173605,0.00146686,3.1619e-05,false
1065,0.0192209,0.0161177,0.0037746,3.2129e-05,false
1066,0.0202802,0.0173252,0.00138481,3.2628e-05,false
1067,0.0191235,0.0177486,0.00143416,3.4613e-05,false
1068,0.0196016,0.0188185,0.00139566,3.0602e-05,false
1069,0.0206447,0.0182586,0.00137768,3.1501e-05,false
1070,0.020032,0.0158933,0.00135349,3.0419e-05,false
1071,0.0196577,0.0184592,0.00144239,3.1316e-05,false
1072,0.0203395,0.0178467,0.00142049,3.2322e-05,false
1073,0.0196767,0.0187029,0.00136171,3.3728e-05,false
1074,0.0204566,0.0187891,0.00142878,4.022e-05,false
1075,0.0206247,0.0157028,0.00319141,0.00010986,false
1076,0.0197355,0.0182555,0.001348,3.3752e-05,false
1077,0.0200693,0.0180244,0.00134167,3.1495e-05,false
1078,0.0197965,0.0180694,0.0013241,3.2977e-05,false
1079,0.019779,0.0172382,0.00131878,2.9923e-05,false
1080,0.0189789,0.0174676,0.00131172,3.1649e-05,false
1081,0.0191781,0.0159305,0.00338104,3.202e-05,false
1082,0.0197221,0.0171095,0.00133022,2.8117e-05,false
1083,0.0188048,0.0175113,0.00139753,3.342e-05,false
1084,0.0193274,0.0184575,0.001364,3.2459e-05,false
1085,0.0202358,0.0178097,0.00136302,3.2191e-05,false
1086,0.0196148,0.0178926,0.00138279,3.1806e-05,false
1087,0.0196986,0.0177958,0.00142999,4.2656e-05,false
1088,0.0196324,0.0184361,0.0013182,3.2042e-05,false
1089,0.0201846,0.0175752,0.00137953,3.2902e-05,false
1090,0.0193671,0.0174955,0.00132513,2.9945e-05,false
1091,0.0191977,0.01719,0.00135031,2.7428e-05,false
1092,0.0189152,0.0158092,0.00124831,2.8523e-05,false
1093,0.0196217,0.0177842,0.00140676,4.075e-05,false
1094,0.0196217,0.0181746,0.00137872,3.1303e-05,false
1095,0.0199536,0.0184503,0.00134468,2.8012e-05,false
1096,0.0201674,0.0176114,0.00130157,3.1941e-05,false
1097,0.0193271,0.0168292,0.00142079,2.9532e-05,false
1098,0.0186242,0.0156724,0.00313547,0.000108496,false
1099,0.0195806,0.0178345,0.00138465,3.1407e-05,false
1100,0.019626,0.0178946,0.00135769,3.2231e-05,false
1101,0.0196649,0.0173232,0.0012781,2.843e-05,false
1102,0.0189671,0.0167436,0.0012875,2.8476e-05,false
1103,0.0183893,0.0179071,0.00139349,3.0296e-05,false
1104,0.0196874,0.0152564,0.00123073,2.7771e-05,false
1105,0.0191496,0.0160331,0.00316743,3.2003e-05,false
1106,0.019623,0.0174528,0.00140037,4.1864e-05,false
1107,0.0192418,0.017579,0.0013005,3.0963e-05,false
1108,0.0192835,0.017747,0.0013475,3.1232e-05,false
1109,0.0194956,0.017867,0.00138961,3.004e-05,false
1110,0.019669,0.0167305,0.00127567,2.9055e-05,false
1111,0.0183811,0.0151137,0.00128978,2.8283e-05,false
1112,0.0187128,0.0180164,0.00135678,3.1248e-05,false
1113,0.0198198,0.0174874,0.00130273,3.2636e-05,false
1114,0.0191935,0.0176492,0.00130406,3.2687e-05,false
1115,0.0193295,0.0168634,0.0012818,2.8674e-05,false
1116,0.0185182,0.0180017,0.00131172,2.9638e-05,false
1117,0.0197007,0.0150874,0.00125617,2.8507e-05,false
1118,0.0203498,0.0196597,0.00137511,4.1436e-05,false
1119,0.0214922,0.0172057,0.00128688,4.1171e-05,false
1120,0.018892,0.0177159,0.00136142,3.116e-05,false
1121,0.0194795,0.0170438,0.0013622,3.1482e-05,false
1122,0.0188071,0.0178255,0.0013301,3.2222e-05,false
1123,0.0195639,0.0152112,0.00374599,3.2641e-05,false
1124,0.0193479,0.0170181,0.00143988,3.1054e-05,false
1125,0.0188438,0.016939,0.0013529,4.2837e-05,false
1126,0.0186905,0.0178606,0.00128582,3.1359e-05,false
1127,0.0195496,0.0176102,0.0013671,3.0619e-05,false
1128,0.0193523,0.0173427,0.00130511,2.9705e-05,false
1129,0.0190643,0.0153242,0.00124623,2.9065e-05,false
1130,0.0193592,0.0169618,0.00212672,4.1827e-05,false
1131,0.0195515,0.0182907,0.00147916,3.342e-05,false
1132,0.0201961,0.0176926,0.00127563,3.1348e-05,false
1133,0.0193786,0.0168617,0.00132042,4.1259e-05,false
1134,0.0185891,0.0183247,0.00131244,3.063e-05,false
1135,0.0200084,0.0151857,0.0012289,2.6485e-05,false
1136,0.0191987,0.0182954,0.0013684,3.2168e-05,false
1137,0.0200977,0.0173148,0.00135477,3.1825e-05,false
1138,0.0190834,0.0176272,0.00136535,4.3305e-05,false
1139,0.0193984,0.0174682,0.00131455,3.1786e-05,false
1140,0.0191693,0.0171554,0.00136454,4.4416e-05,false
1141,0.018936,0.0168559,0.00128097,3.2087e-05,false
1142,0.0185254,0.0153596,0.00162493,8.7658e-05,false
1143,0.0191805,0.0170529,0.00131334,3.2089e-05,false
1144,0.0187804,0.0165249,0.00129412,2.843e-05,false
1145,0.0181807,0.01667,0.00129478,2.7995e-05,false
1146,0.0183492,0.0168956,0.00131864,3.0917e-05,false
1147,0.0186262,0.017383,0.00134042,3.4831e-05,false
1148,0.0191232,0.01786,0.00129381,2.9791e-05,false
1149,0.0195424,0.0152556,0.0012334,2.7795e-05,false
1150,0.0192667,0.0182065,0.00138133,3.6783e-05,false
1151,0.0200066,0.0175888,0.00135528,4.1787e-05,false
1152,0.0193477,0.0175029,0.00128361,3.2129e-05,false
1153,0.0191874,0.0178297,0.00137132,3.1908e-05,false
1154,0.0195846,0.0183107,0.00133135,3.152e-05,false
1155,0.0211151,0.0178661,0.0013327,3.1154e-05,false
1156,0.0195941,0.0176091,0.00128028,2.8161e-05,false
1157,0.0192471,0.0170611,0.00135038,4.11e-05,false
1158,0.0188183,0.0183144,0.00135722,3.0744e-05,false
1159,0.0200649,0.0179388,0.0013339,2.8731e-05,false
1160,0.0196502,0.018048,0.00133205,3.1803e-05,false
1161,0.0198094,0.0160368,0.00332326,2.9091e-05,false
1162,0.0197115,0.0167587,0.0013833,2.9659e-05,false
1163,0.0185363,0.0168018,0.00129972,3.121e-05,false
1164,0.0184982,0.0174243,0.00133184,3.1514e-05,false
1165,0.0191748,0.0174721,0.00130939,2.8845e-05,false
1166,0.0191528,0.0173564,0.00135896,4.052e-05,false
1167,0.0190984,0.0179768,0.00137109,3.1764e-05,false
1168,0.0197625,0.0178207,0.00134742,3.1015e-05,false
1169,0.0195544,0.0176409,0.00134759,3.1332e-05,false
1170,0.0193833,0.0176746,0.00133511,4.3115e-05,false
1171,0.0194289,0.0178758,0.00134172,2.8854e-05,false
1172,0.0196015,0.0179175,0.00135871,2.7768e-05,false
1173,0.0196303,0.0167978,0.00633247,7.1645e-05,false
1174,0.0300471,0.0222373,0.00316816,3.5758e-05,false
1175,0.0258287,0.0192002,0.00143824,3.2465e-05,false
1176,0.0210312,0.0192039,0.00139804,3.2735e-05,false
1177,0.0209904,0.0178145,0.00130625,3.1731e-05,false
1178,0.0195287,0.0153655,0.00140434,7.8246e-05,false
1179,0.0188733,0.0171513,0.00136295,3.2255e-05,false
1180,0.0189216,0.0167289,0.00129922,2.7649e-05,false
1181,0.0184023,0.0168322,0.00129459,3.1673e-05,false
1182,0.0185184,0.0175529,0.00137379,3.1888e-05,false
1183,0.0193197,0.0177956,0.00135921,4.0772e-05,false
1184,0.0195693,0.0168209,0.00129897,2.8304e-05,false
1185,0.0184949,0.0149332,0.00123495,2.6779e-05,false
1186,0.0199249,0.0182873,0.00156407,3.325e-05,false
1187,0.0202471,0.0166297,0.00128834,3.1818e-05,false
1188,0.0183,0.0168013,0.0013455,3.0955e-05,false
1189,0.0185603,0.0173843,0.00134186,4.1072e-05,false
1190,0.019174,0.0164745,0.00128182,3.0017e-05,false
1191,0.0181322,0.0171468,0.00135593,3.7803e-05,false
1192,0.0188933,0.017247,0.00126265,3.2067e-05,false
1193,0.0188921,0.015001,0.00370407,2.8984e-05,false
1194,0.0190542,0.0164183,0.00135213,3.1994e-05,false
1195,0.018145,0.0173286,0.00134089,3.1051e-05,false
1196,0.019063,0.0171886,0.0012865,4.1939e-05,false
1197,0.0188874,0.0168267,0.00129617,3.242e-05,false
1198,0.0185156,0.0163932,0.00127556,2.8766e-05,false
1199,0.0180264,0.0163582,0.00125991,2.8836e-05,false
1200,0.0179888,0.0176697,0.00131864,3.0679e-05,false
1201,0.0193739,0.0154302,0.00187211,8.1884e-05,false
1202,0.0188732,0.0172668,0.00134799,3.9987e-05,false
1203,0.0190309,0.017317,0.00133534,3.0944e-05,false
1204,0.0190818,0.0175119,0.00126505,3.1219e-05,false
1205,0.0191557,0.0161105,0.00125852,2.8673e-05,false
1206,0.0177307,0.0174422,0.0013619,3.244e-05,false
1207,0.0191747,0.0168795,0.00127494,3.1591e-05,false
1208,0.0185377,0.0176358,0.00127444,3.1808e-05,false
1209,0.0193333,0.0145482,0.00206126,8.7391e-05,false
1210,0.0179812,0.0174504,0.00144056,3.3578e-05,false
1211,0.0193132,0.0167415,0.00132656,3.0859e-05,false
1212,0.0184486,0.0176307,0.00130538,3.1799e-05,false
1213,0.0193236,0.0172821,0.00127293,3.0022e-05,false
1214,0.0189104,0.0174613,0.0013637,3.0977e-05,false
1215,0.0191995,0.0174883,0.0013623,4.0626e-05,false
1216,0.0192767,0.0157536,0.00318906,0.000106888,false
1217,0.0197051,0.017232,0.00138896,3.4671e-05,false
1218,0.0189995,0.0163326,0.00129795,4.1064e-05,false
1219,0.0179921,0.0162207,0.00127167,2.9203e-05,false
1220,0.0178542,0.0171676,0.00131085,0.00010384,false
1221,0.0194988,0.0163808,0.00127405,2.8487e-05,false
1222,0.0181011,0.0174021,0.00133238,2.9983e-05,false
1223,0.0191183,0.0175147,0.00129262,3.1033e-05,false
1224,0.0192095,0.0154384,0.00163262,8.9009e-05,false
1225,0.01892,0.0173478,0.00137074,4.1327e-05,false
1226,0.0191243,0.0170011,0.00133526,3.1994e-05,false
1227,0.018733,0.0162079,0.00129052,2.9397e-05,false
1228,0.0178654,0.017135,0.00130079,3.1689e-05,false
1229,0.0188274,0.017348,0.00133283,3.2025e-05,false
1230,0.0190722,0.0175652,0.00134479,2.6917e-05,false
1231,0.0192577,0.0155303,0.00125662,3.5811e-05,false
1232,0.0194161,0.0152306,0.00368938,3.2193e-05,false
1233,0.0193263,0.0157885,0.00126638,2.8292e-05,false
1234,0.0173885,0.0165456,0.0013159,3.1312e-05,false
1235,0.018234,0.0170853,0.00132935,2.7115e-05,false
1236,0.018756,0.0168357,0.00125759,2.7951e-05,false
1237,0.0184375,0.0161593,0.001263,2.8164e-05,false
1238,0.0177524,0.016317,0.00126585,2.7032e-05,false
1239,0.0179353,0.0159996,0.00125454,2.756e-05,false
1240,0.0176003,0.0173822,0.0012955,2.9964e-05,false
1241,0.0190679,0.0154188,0.00120726,2.682e-05,false
1242,0.0192799,0.0179273,0.00133805,3.1227e-05,false
1243,0.0196507,0.016795,0.00130856,3.2458e-05,false
1244,0.0184632,0.0169213,0.00131751,4.0293e-05,false
1245,0.0186188,0.0170832,0.0013632,2.8292e-05,false
1246,0.0188172,0.0175202,0.00130947,2.7118e-05,false
1247,0.0191726,0.0167058,0.00126366,3.0948e-05,false
1248,0.0183689,0.0171717,0.00123812,3.0304e-05,false
1249,0.0187816,0.0145562,0.00195148,9.1658e-05,false
1250,0.0179732,0.0166373,0.00204495,3.2865e-05,false
1251,0.0190825,0.0169021,0.00136686,3.0744e-05,false
1252,0.018651,0.0165293,0.00124732,3.0226e-05,false
1253,0.0181338,0.0163857,0.00144386,3.0751e-05,false
1254,0.0181918,0.0172085,0.00126158,2.8544e-05,false
1255,0.0188147,0.0171561,0.0013062,3.1019e-05,false
1256,0.0188273,0.0175745,0.00130833,3.0893e-05,false
1257,0.0192515,0.0154386,0.00125758,3.7282e-05,false
1258,0.0192924,0.0175123,0.00134787,3.1064e-05,false
1259,0.0193465,0.0169921,0.00134295,3.0983e-05,false
1260,0.0187042,0.0161653,0.00125497,2.8359e-05,false
1261,0.017764,0.0165608,0.00131622,3.1485e-05,false
1262,0.0182393,0.0174505,0.00129534,2.8488e-05,false
1263,0.0190867,0.0171596,0.00133783,3.6083e-05,false
1264,0.0188377,0.0176107,0.00123993,3.1263e-05,false
1265,0.0192254,0.0152195,0.0012402,3.1375e-05,false
1266,0.0187205,0.0174118,0.00145424,3.3284e-05,false
1267,0.0192689,0.0164479,0.00131906,3.0228e-05,false
1268,0.0181579,0.0173286,0.00129592,3.1008e-05,false
1269,0.0189852,0.0170506,0.00133678,3.2704e-05,false
1270,0.0188027,0.0187636,0.0012652,3.0881e-05,false
1271,0.0204067,0.0162435,0.00126192,2.6921e-05,false
1272,0.0178383,0.0171494,0.00124022,2.9966e-05,false
1273,0.018752,0.0143942,0.00141768,8.0888e-05,false
1274,0.0177427,0.0168954,0.00132272,3.1114e-05,false
1275,0.0186091,0.0163365,0.00131441,3.0998e-05,false
1276,0.0180051,0.0164687,0.00133835,4.0925e-05,false
1277,0.0182407,0.0172549,0.00129023,3.0287e-05,false
1278,0.0189114,0.0176071,0.00125367,2.8016e-05,false
1279,0.0192004,0.0164556,0.00124923,3.0705e-05,false
1280,0.0180856,0.0163838,0.00126151,3.1703e-05,false
1281,0.0180262,0.0160118,0.00125003,3.2413e-05,false
1282,0.0176574,0.0165079,0.00124495,3.0766e-05,false
1283,0.0181206,0.0145611,0.00122,2.8244e-05,false
1284,0.0185392,0.0159699,0.00215119,3.0465e-05,false
1285,0.0185137,0.0171385,0.00131681,3.0602e-05,false
1286,0.0188119,0.0178994,0.0013083,3.1052e-05,false
1287,0.0195712,0.0162303,0.00124874,2.8069e-05,false
1288,0.017834,0.0163098,0.00129106,2.8049e-05,false
1289,0.0179448,0.0162872,0.00125056,3.3888e-05,false
1290,0.0178748,0.0167387,0.00127729,3.2852e-05,false
1291,0.0184313,0.0162948,0.00130303,2.689e-05,false
1292,0.0179617,0.0147864,0.00120118,2.8356e-05,false
1293,0.0200837,0.0172972,0.00129099,3.0748e-05,false
1294,0.018957,0.0161378,0.00130098,3.1156e-05,false
1295,0.0177956,0.0166799,0.00125187,3.9411e-05,false
1296,0.0182953,0.0160416,0.00124287,2.7292e-05,false
1297,0.0176682,0.0170475,0.0013104,3.0844e-05,false
1298,0.0187245,0.0170544,0.00125188,2.8771e-05,false
1299,0.0186479,0.0172604,0.00131925,3.1507e-05,false
1300,0.0189793,0.0174719,0.00130193,3.0775e-05,false
1301,0.019149,0.0152347,0.00121464,2.729e-05,false
1302,0.0185544,0.0169253,0.00129951,3.0546e-05,false
1303,0.0186365,0.0161251,0.00125204,2.8407e-05,false
1304,0.0177183,0.0159673,0.00128882,3.0509e-05,false
1305,0.0176163,0.0159613,0.00122952,3.0707e-05,false
1306,0.0175733,0.0168606,0.00126851,3.0543e-05,false
1307,0.0184797,0.0164991,0.00121907,3.0091e-05,false
1308,0.018048,0.0164795,0.00127196,3.953e-05,false
1309,0.018136,0.0169362,0.00128114,2.9689e-05,false
1310,0.0185928,0.0164344,0.00121534,3.0749e-05,false
1311,0.0180301,0.0159281,0.00127658,3.0804e-05,false
1312,0.0175686,0.0143368,0.00117178,2.534e-05,false
1313,0.0197167,0.0169583,0.00126902,3.1435e-05,false
1314,0.0186282,0.0159745,0.00123189,2.7473e-05,false
1315,0.0175382,0.0155105,0.00123387,2.6901e-05,false
1316,0.0170894,0.0159914,0.00126909,3.0218e-05,false
1317,0.017615,0.0160395,0.00122095,3.1267e-05,false
1318,0.0176144,0.0157729,0.00122293,2.7022e-05,false
1319,0.0173273,0.0159139,0.00121214,3.0594e-05,false
1320,0.0174786,0.0159434,0.00124284,2.9548e-05,false
1321,0.0175299,0.0158762,0.00122158,3.5498e-05,false
1322,0.0174253,0.0168863,0.00129209,3.2087e-05,false
1323,0.0185626,0.0167667,0.00125803,3.0511e-05,false
1324,0.0183948,0.0158594,0.00122251,2.9645e-05,false
1325,0.0174561,0.0157577,0.00120428,3.0272e-05,false
1326,0.0173132,0.0143696,0.00117788,2.6452e-05,false
1327,0.0195948,0.0157924,0.00277597,3.9137e-05,false
1328,0.0189607,0.0166976,0.00127951,2.7948e-05,false
1329,0.0183194,0.0164831,0.00127398,3.0319e-05,false
1330,0.0181148,0.0168452,0.00130453,3.0803e-05,false
1331,0.0185061,0.0170962,0.00127329,3.0731e-05,false
1332,0.0187367,0.0161136,0.00127071,3.1283e-05,false
1333,0.0177388,0.0166898,0.00126763,3.0692e-05,false
1334,0.0183227,0.0168537,0.00123005,2.9365e-05,false
1335,0.0184344,0.0141041,0.00117522,2.7463e-05,false
1336,0.0195692,0.014576,0.00364407,3.2374e-05,false
1337,0.0186062,0.0160272,0.00130654,2.7074e-05,false
1338,0.0176631,0.0162887,0.0013193,3.0999e-05,false
1339,0.0179635,0.0167507,0.00123952,3.0819e-05,false
1340,0.0183389,0.0157738,0.00123234,3.9321e-05,false
1341,0.0173827,0.0157415,0.00121771,2.8519e-05,false
1342,0.0173081,0.0168206,0.00125607,2.9939e-05,false
1343,0.0184394,0.016648,0.00122628,2.9633e-05,false
1344,0.018231,0.0170399,0.00125847,3.1233e-05,false
1345,0.0186682,0.0166044,0.00122982,2.9486e-05,false
1346,0.0182227,0.0142999,0.00117467,2.5609e-05,false
1347,0.019653,0.0163907,0.00150856,3.093e-05,false
1348,0.0183045,0.0159167,0.00130549,2.9345e-05,false
1349,0.0175761,0.0163522,0.00127934,2.984e-05,false
1350,0.0179818,0.016698,0.00128485,2.959e-05,false
1351,0.0183396,0.0167842,0.0012566,2.7422e-05,false
1352,0.0184248,0.0167393,0.00124027,3.0987e-05,false
1353,0.0183219,0.0155207,0.0012521,3.4597e-05,false
1354,0.0171049,0.0165528,0.00122873,3.117e-05,false
1355,0.0181641,0.0156209,0.00124033,2.8844e-05,false
1356,0.0172003,0.0167293,0.00121336,3.0132e-05,false
1357,0.0183007,0.0156675,0.0012117,2.7533e-05,false
1358,0.0172139,0.0141963,0.00116875,2.6393e-05,false
1359,0.0195915,0.0164025,0.00171789,3.9144e-05,false
1360,0.0185096,0.0169693,0.00129887,2.7778e-05,false
1361,0.0186036,0.0164703,0.00127693,3.0833e-05,false
1362,0.0181023,0.017027,0.00127414,3.0181e-05,false
1363,0.0186539,0.0168688,0.00126492,2.6574e-05,false
1364,0.0184623,0.0161367,0.00122,3.0991e-05,false
1365,0.017711,0.0154823,0.00121419,2.8368e-05,false
1366,0.0170373,0.0162055,0.00132819,3.3257e-05,false
1367,0.017916,0.0159523,0.00123433,2.7662e-05,false
1368,0.0175378,0.0159542,0.0012156,2.7092e-05,false
1369,0.0175076,0.0142059,0.00117374,2.6504e-05,false
1370,0.0194381,0.0146301,0.0035533,3.1411e-05,false
1371,0.0185666,0.0155756,0.0012724,2.7601e-05,false
1372,0.0171744,0.0157139,0.00124633,3.5992e-05,false
1373,0.0172991,0.0155027,0.00130937,3.1612e-05,false
1374,0.0171859,0.016475,0.00140404,3.3569e-05,false
1375,0.0182623,0.0165807,0.00139356,2.9158e-05,false
1376,0.0183405,0.0167277,0.0013604,2.9245e-05,false
1377,0.018446,0.0165449,0.0013844,3.0348e-05,false
1378,0.0182981,0.0168145,0.0013696,3.1882e-05,false
1379,0.0185733,0.0165297,0.00135247,2.8708e-05,false
1380,0.0182546,0.0165825,0.00137316,2.9455e-05,false
1381,0.0183271,0.0145347,0.00119105,2.8221e-05,false
1382,0.0184261,0.0158042,0.00231872,3.3461e-05,false
1383,0.0185106,0.0156228,0.00128501,3.0475e-05,false
1384,0.0172598,0.0166777,0.00126612,3.0947e-05,false
1385,0.0183008,0.01623,0.00123917,3.8593e-05,false
1386,0.01783,0.0157971,0.00123661,2.6428e-05,false
1387,0.0173824,0.016002,0.00123459,2.7401e-05,false
1388,0.0175707,0.0166841,0.00126667,3.1266e-05,false
1389,0.0183157,0.0158232,0.00132148,4.0845e-05,false
1390,0.0175165,0.0166225,0.00123518,3.0597e-05,false
1391,0.01822,0.0158009,0.00124525,3.735e-05,false
1392,0.0173902,0.0167369,0.00124089,2.9649e-05,false
1393,0.0183427,0.0157264,0.00122288,2.604e-05,false
1394,0.0172792,0.0142999,0.00117022,2.5739e-05,false
1395,0.0194516,0.0145915,0.00316929,3.0376e-05,false
1396,0.0181566,0.0158365,0.00125236,2.7694e-05,false
1397,0.017453,0.0154209,0.00126565,2.6473e-05,false
1398,0.0170088,0.0160754,0.00129205,2.9391e-05,false
1399,0.0177385,0.0163645,0.00123571,2.9855e-05,false
1400,0.0179546,0.015706,0.00121972,2.8962e-05,false
1401,0.017257,0.0159082,0.0012625,2.9988e-05,false
1402,0.0175305,0.0170052,0.00132502,3.0565e-05,false
1403,0.0186555,0.0156624,0.0012162,2.8514e-05,false
1404,0.0172166,0.0164773,0.00124071,3.9127e-05,false
1405,0.0180936,0.016772,0.00126171,3.0274e-05,false
1406,0.0184013,0.0158176,0.00122461,2.8107e-05,false
1407,0.0173854,0.0155239,0.00120953,2.67e-05,false
1408,0.0171248,0.0159285,0.00120559,2.8995e-05,false
1409,0.0174899,0.0141598,0.00127999,2.7187e-05,false
1410,0.0192948,0.0170872,0.00132095,3.1226e-05,false
1411,0.018797,0.0165878,0.00127752,3.0262e-05,false
1412,0.0182612,0.0158434,0.00122749,3.0697e-05,false
1413,0.0174248,0.0159795,0.00127254,3.8825e-05,false
1414,0.0176155,0.0166516,0.00121774,3.1075e-05,false
1415,0.018219,0.0163944,0.00138153,3.1801e-05,false
1416,0.0181434,0.0166767,0.0012816,2.9785e-05,false
1417,0.0183018,0.0162502,0.00132877,3.4389e-05,false
1418,0.017919,0.0168989,0.00138235,3.3947e-05,false
1419,0.0186549,0.0163911,0.00126332,3.1608e-05,false
1420,0.0180195,0.0144729,0.00120851,2.8686e-05,false
1421,0.0181725,0.0160642,0.00289507,3.1649e-05,false
1422,0.0193503,0.0161589,0.00127843,3.0593e-05,false
1423,0.0177896,0.0164146,0.00127514,3.9413e-05,false
1424,0.0180582,0.0163867,0.00123056,2.9894e-05,false
1425,0.0179629,0.01593,0.00125895,2.9186e-05,false
1426,0.0175464,0.0168458,0.00127829,3.0746e-05,false
1427,0.0184836,0.0167013,0.00126924,2.746e-05,false
1428,0.0183275,0.0167187,0.00121121,3.0382e-05,false
1429,0.0182973,0.0157688,0.00125436,3.0902e-05,false
1430,0.0173859,0.0165711,0.0012019,2.9248e-05,false
1431,0.0181428,0.0139921,0.00116828,2.4797e-05,false
1432,0.0189423,0.0154613,0.00289152,3.0565e-05,false
1433,0.0187356,0.0165202,0.00123304,2.7537e-05,false
1434,0.0180878,0.0166815,0.00126996,2.9991e-05,false
1435,0.0183548,0.015854,0.00127941,3.0393e-05,false
1436,0.0174945,0.0165379,0.00124068,3.7274e-05,false
1437,0.0181271,0.0158416,0.00124574,3.0747e-05,false
1438,0.0174571,0.0161834,0.00125558,2.7312e-05,false
1439,0.0177667,0.0170333,0.00127298,3.0367e-05,false
1440,0.0186693,0.0162444,0.00120675,3.1391e-05,false
1441,0.0178179,0.0156091,0.0012116,2.7721e-05,false
1442,0.0171742,0.0170456,0.00119912,3.0148e-05,false
1443,0.0186337,0.0141585,0.00117388,2.7038e-05,false
1444,0.0177873,0.0195072,0.00452169,5.2075e-05,false
1445,0.0256583,0.0177165,0.00334734,3.399e-05,false
1446,0.0214821,0.0195162,0.00129782,3.2871e-05,false
1447,0.0211914,0.0146705,0.00270737,3.1018e-05,false
1448,0.0177242,0.0168665,0.00123396,3.0305e-05,false
1449,0.0184586,0.0156325,0.00122894,3.8624e-05,false
1450,0.0172245,0.0160538,0.00127023,3.0523e-05,false
1451,0.0176975,0.017017,0.00162426,3.041e-05,false
1452,0.0190199,0.0185092,0.00126849,2.9624e-05,false
1453,0.020133,0.0158117,0.00120902,3.0812e-05,false
1454,0.0173939,0.0165193,0.00127469,2.8996e-05,false
1455,0.0181743,0.0161744,0.00124955,3.6479e-05,false
1456,0.0177898,0.0152423,0.0013009,3.068e-05,false
1457,0.0187709,0.0143341,0.00359404,3.1271e-05,false
1458,0.0182993,0.0161725,0.00133071,3.2388e-05,false
1459,0.0178953,0.0172267,0.00129311,3.5523e-05,false
1460,0.018951,0.0170751,0.0012314,3.0981e-05,false
1461,0.0186605,0.016338,0.0012283,3.0175e-05,false
1462,0.0179222,0.0180995,0.00127492,2.9397e-05,false
1463,0.0197655,0.0158323,0.00141511,3.2047e-05,false
1464,0.0176738,0.0176684,0.0011977,3.0851e-05,false
1465,0.0192307,0.0146762,0.00179272,0.000102811,false
1466,0.0180437,0.0164702,0.00160927,3.1131e-05,false
1467,0.0184832,0.0166786,0.00125221,2.7232e-05,false
1468,0.0182583,0.0163072,0.00127234,4.0494e-05,false
1469,0.0179472,0.0166448,0.00131623,3.0316e-05,false
1470,0.0183307,0.0169616,0.00128877,3.1351e-05,false
1471,0.0186055,0.0162077,0.0012175,3.0191e-05,false
1472,0.0177764,0.0162443,0.00124005,2.8685e-05,false
1473,0.0178142,0.0165311,0.00127735,2.9258e-05,false
1474,0.0181728,0.0165194,0.00125985,2.7778e-05,false
1475,0.0181251,0.0156548,0.00120763,2.7479e-05,false
1476,0.0172111,0.0142297,0.00115899,2.6045e-05,false
1477,0.0198059,0.0142963,0.00344347,3.1194e-05,false
1478,0.0181044,0.0156245,0.00123586,2.693e-05,false
1479,0.0171811,0.0153383,0.00121563,2.7759e-05,false
1480,0.0168736,0.0157899,0.00133546,3.0546e-05,false
1481,0.0174886,0.0163307,0.00124283,3.2204e-05,false
1482,0.0179057,0.0164737,0.00126069,2.9562e-05,false
1483,0.0180953,0.0170742,0.00120851,3.0964e-05,false
1484,0.0186346,0.0168423,0.00123204,3.1652e-05,false
1485,0.0184207,0.0157078,0.00120723,2.9622e-05,false
1486,0.0172523,0.0167175,0.00123934,3.0734e-05,false
1487,0.0183144,0.0165671,0.00121581,4.0213e-05,false
1488,0.0181312,0.0157869,0.00120989,2.7497e-05,false
1489,0.0173403,0.0140741,0.00115489,2.551e-05,false
1490,0.0196874,0.0168942,0.00145544,3.4253e-05,false
1491,0.0187553,0.0162871,0.0012178,2.9555e-05,false
1492,0.0178543,0.0157271,0.00122638,2.9385e-05,false
1493,0.0173056,0.0159363,0.00127954,2.9542e-05,false
1494,0.0175712,0.0167971,0.00126913,3.0324e-05,false
1495,0.0184443,0.0154579,0.00118969,2.8903e-05,false
1496,0.0169879,0.0161071,0.00124254,2.932e-05,false
1497,0.0176982,0.0163442,0.00125033,2.6881e-05,false
1498,0.0179212,0.0167481,0.00126658,3.1776e-05,false
1499,0.0183664,0.0162803,0.00122587,3.1055e-05,false
1500,0.0178715,0.0171106,0.00126651,3.8552e-05,false
1501,0.0187426,0.0144382,0.00148663,3.1875e-05,false
1502,0.018679,0.0149384,0.00380268,3.3777e-05,false
1503,0.0191221,0.0138134,0.00179116,8.6727e-05,false
1504,0.0171567,0.0162524,0.00121815,3.0412e-05,false
1505,0.01786,0.0155491,0.00119566,2.9284e-05,false
1506,0.0171174,0.0156274,0.00119969,2.9336e-05,false
1507,0.0171765,0.0152024,0.00118788,2.7486e-05,false
1508,0.0167383,0.0159655,0.00124632,2.9415e-05,false
1509,0.0175615,0.0162427,0.00125655,3.1733e-05,false
1510,0.0179029,0.017021,0.00127144,2.9843e-05,false
1511,0.0186306,0.0159771,0.00129966,3.1651e-05,false
1512,0.0176167,0.016189,0.00122684,3.1345e-05,false
1513,0.0177659,0.016624,0.00125968,3.799e-05,false
1514,0.0182373,0.016398,0.00118203,2.9025e-05,false
1515,0.0179469,0.0137398,0.0011378,2.7298e-05,false
1516,0.0198915,0.0169692,0.00139152,2.9554e-05,false
1517,0.0187573,0.0164608,0.00119858,2.965e-05,false
1518,0.0180031,0.0156805,0.00127523,2.9853e-05,false
1519,0.0173525,0.0157533,0.00118871,3.489e-05,false
1520,0.0172755,0.0153562,0.00117753,2.6068e-05,false
1521,0.0168854,0.0152372,0.00118559,2.9067e-05,false
1522,0.0167729,0.0155301,0.00123139,3.0494e-05,false
1523,0.0171093,0.0161839,0.00119488,2.9706e-05,false
1524,0.0177273,0.0156838,0.00118124,2.6802e-05,false
1525,0.0171911,0.0161929,0.00123453,2.9462e-05,false
1526,0.0177775,0.0159878,0.00118195,2.6821e-05,false
1527,0.0175104,0.0162129,0.00122772,2.8925e-05,false
1528,0.0177889,0.0163903,0.00120685,3.1829e-05,false
1529,0.0179484,0.0158956,0.00123317,2.9376e-05,false
1530,0.0174784,0.0167021,0.00123949,3.276e-05,false
1531,0.0183861,0.0135914,0.00112785,2.5779e-05,false
1532,0.0186064,0.0151338,0.00354079,3.9213e-05,false
1533,0.0190827,0.0152221,0.0012355,2.8475e-05,false
1534,0.016803,0.0167147,0.00125073,2.9847e-05,false
1535,0.0183236,0.0160569,0.00123449,3.0488e-05,false
1536,0.0176691,0.0158086,0.00117926,3.0286e-05,false
1537,0.0173355,0.015497,0.00118488,2.9467e-05,false
1538,0.0170284,0.0159428,0.00123293,2.9577e-05,false
1539,0.0175274,0.0155079,0.00117354,2.7066e-05,false
1540,0.0170226,0.0154147,0.00117787,2.7038e-05,false
1541,0.0169111,0.0157367,0.00126861,2.9475e-05,false
1542,0.0173535,0.0166327,0.00118081,2.9912e-05,false
1543,0.0181535,0.0156816,0.00117238,2.9079e-05,false
1544,0.0171989,0.0163414,0.00118194,2.976e-05,false
1545,0.0178698,0.0163386,0.00120645,3.9419e-05,false
1546,0.0179013,0.0171887,0.00120553,2.9119e-05,false
1547,0.0187588,0.0141851,0.0011358,2.5292e-05,false
1548,0.0192746,0.0166276,0.00139108,3.07e-05,false
1549,0.0184095,0.0163303,0.0012443,2.6904e-05,false
1550,0.0179008,0.0163165,0.00123838,2.9874e-05,false
1551,0.0179047,0.0157435,0.001187,3.709e-05,false
1552,0.0172627,0.0156616,0.00123164,3.0041e-05,false
1553,0.0172492,0.015218,0.00118036,2.8468e-05,false
1554,0.0167287,0.01569,0.00123319,3.0635e-05,false
1555,0.0172752,0.0160192,0.00122973,2.9896e-05,false
1556,0.0175923,0.0161657,0.0012302,3.0115e-05,false
1557,0.0177349,0.0153431,0.00117604,2.6994e-05,false
1558,0.0168475,0.0157819,0.00121212,2.919e-05,false
1559,0.0173819,0.0162666,0.00122842,2.9861e-05,false
1560,0.0178395,0.017257,0.00122018,3.0256e-05,false
1561,0.01883,0.0166888,0.00122817,2.9822e-05,false
1562,0.0183411,0.0155245,0.00184749,0.00014149,false
1563,0.0191285,0.0139042,0.00350569,3.7898e-05,false
1564,0.0177953,0.0141494,0.0030495,3.7299e-05,false
1565,0.0175301,0.0150671,0.00120265,2.5856e-05,false
1566,0.016593,0.0152933,0.0012878,3.1125e-05,false
1567,0.0169322,0.0162491,0.00123974,2.9071e-05,false
1568,0.0178321,0.0165079,0.00126131,2.9556e-05,false
1569,0.0181108,0.0161798,0.00122665,2.9145e-05,false
1570,0.0177503,0.0165603,0.00118285,2.9951e-05,false
1571,0.0180855,0.0156975,0.00122216,2.8749e-05,false
1572,0.0172849,0.0165731,0.00124178,3.0142e-05,false
1573,0.0181617,0.0163071,0.00122729,2.8954e-05,false
1574,0.017881,0.0161478,0.0011985,3.0096e-05,false
1575,0.0176993,0.0152551,0.00124853,2.7848e-05,false
1576,0.016869,0.0164736,0.00125102,3.0524e-05,false
1577,0.0180533,0.0171461,0.00123793,3.8328e-05,false
1578,0.0187731,0.0138125,0.00113991,2.7412e-05,false
1579,0.0174141,0.0150734,0.00363325,3.1658e-05,false
1580,0.0191455,0.0164552,0.0012464,2.9485e-05,false
1581,0.0180483,0.0158266,0.00122241,2.8745e-05,false
1582,0.0173759,0.0156803,0.00122367,3.0857e-05,false
1583,0.0172481,0.0154457,0.00121425,3.7444e-05,false
1584,0.0170074,0.0159001,0.0012775,3.0467e-05,false
1585,0.0175505,0.0165065,0.00122586,2.918e-05,false
1586,0.0180815,0.0163559,0.00120382,3.0462e-05,false
1587,0.0179545,0.0154611,0.00117151,2.9788e-05,false
1588,0.0169926,0.0156737,0.00116529,2.7667e-05,false
1589,0.0171649,0.0163328,0.00123001,3.0512e-05,false
1590,0.0179117,0.0159954,0.00118331,2.7371e-05,false
1591,0.0175188,0.0154326,0.00118722,2.6173e-05,false
1592,0.0169436,0.0155295,0.00117061,2.6176e-05,false
1593,0.0170265,0.0151775,0.00121253,2.6239e-05,false
1594,0.0167149,0.015607,0.00130979,2.6789e-05,false
1595,0.0172568,0.0167183,0.00119139,2.9068e-05,false
1596,0.0182621,0.014168,0.00117211,3.5988e-05,false
1597,0.0189832,0.0159157,0.00197488,2.9843e-05,false
1598,0.0182643,0.016022,0.00123407,2.852e-05,false
1599,0.0175842,0.0152188,0.00121092,2.7535e-05,false
1600,0.0168215,0.0157802,0.00118293,2.9951e-05,false
1601,0.0172947,0.0153966,0.00123806,2.9245e-05,false
1602,0.0169808,0.015939,0.00119196,3.9227e-05,false
1603,0.0174972,0.0160653,0.00118573,3.0156e-05,false
1604,0.0176155,0.0158586,0.0012393,2.974e-05,false
1605,0.0174478,0.0161242,0.00124818,2.9892e-05,false
1606,0.0177253,0.0161464,0.00117345,2.8634e-05,false
1607,0.0176498,0.0156234,0.00118842,2.7514e-05,false
1608,0.0171393,0.0158859,0.00118622,2.6664e-05,false
1609,0.0173923,0.0153148,0.00118927,3.5954e-05,false
1610,0.0168283,0.0161646,0.00119583,3.1181e-05,false
1611,0.0177201,0.0154566,0.00117476,2.7024e-05,false
1612,0.0169623,0.0156568,0.00116836,2.763e-05,false
1613,0.0171516,0.0159411,0.00120805,3.0658e-05,false
1614,0.0175029,0.0157646,0.00117673,3.0154e-05,false
1615,0.0172936,0.0157876,0.00116604,3.5364e-05,false
1616,0.0173142,0.0138119,0.00112412,2.5134e-05,false
1617,0.0196484,0.0139587,0.00276388,0.000127544,false
1618,0.017639,0.0143001,0.002688,3.0079e-05,false
1619,0.0173298,0.0170438,0.00120486,2.7531e-05,false
1620,0.018564,0.0155749,0.00130032,2.9589e-05,false
1621,0.0172056,0.0158715,0.00118055,2.8587e-05,false
1622,0.0173935,0.0156059,0.00119767,2.9717e-05,false
1623,0.0171716,0.0151887,0.00117446,2.6544e-05,false
1624,0.0166873,0.0154526,0.00117009,2.6896e-05,false
1625,0.0169386,0.0155853,0.00123373,2.8636e-05,false
1626,0.0171689,0.0161552,0.00123061,2.9057e-05,false
1627,0.0177411,0.0162408,0.00117951,2.6974e-05,false
1628,0.017747,0.0156513,0.00116126,3.4833e-05,false
1629,0.0171379,0.0159065,0.00123408,2.8678e-05,false
1630,0.0174969,0.0159598,0.00116743,2.7026e-05,false
1631,0.0174569,0.0160083,0.00118624,3.0087e-05,false
1632,0.0175448,0.0159046,0.00117669,2.9541e-05,false
1633,0.0174528,0.0155191,0.00119392,2.6977e-05,false
1634,0.0171009,0.0157776,0.00119545,2.7283e-05,false
1635,0.0173294,0.0154351,0.00121082,2.7202e-05,false
1636,0.016994,0.0159496,0.00123178,2.9514e-05,false
1637,0.0175309,0.0146484,0.00118317,2.4559e-05,false
1638,0.019453,0.015919,0.00224089,3.0349e-05,false
1639,0.0185301,0.0152418,0.00128963,2.9263e-05,false
1640,0.0168663,0.0165036,0.00126024,2.9747e-05,false
1641,0.018106,0.0158915,0.0012391,3.8105e-05,false
1642,0.0174808,0.0157385,0.00120422,2.7414e-05,false
1643,0.0172817,0.0161842,0.00122831,2.9796e-05,false
1644,0.0177454,0.0158484,0.00117648,2.9909e-05,false
1645,0.0173713,0.0155905,0.00117756,2.8624e-05,false
1646,0.0171146,0.0160867,0.00119677,2.9513e-05,false
1647,0.0176268,0.015368,0.001181,3.5702e-05,false
1648,0.0168782,0.0154912,0.00122197,3.5274e-05,false
1649,0.017044,0.0152745,0.00117926,2.558e-05,false
1650,0.0167733,0.0158086,0.00120813,2.7267e-05,false
1651,0.0173403,0.0151467,0.00116004,2.7796e-05,false
1652,0.0166549,0.0154318,0.00115042,3.0251e-05,false
1653,0.01693,0.0151238,0.00117003,2.7021e-05,false
1654,0.0166177,0.0151473,0.00115482,2.7523e-05,false
1655,0.0166344,0.0158355,0.00117814,2.8849e-05,false
1656,0.0173987,0.0153178,0.00116334,3.0508e-05,false
1657,0.0168075,0.0158373,0.00120357,2.9077e-05,false
1658,0.0173842,0.0159007,0.00114701,2.8218e-05,false
1659,0.0174055,0.0153763,0.00123324,3.0422e-05,false
