1,1.13e-07,0.000124325,0.000283179,0.00255088,false
2,0.00414082,0.000154501,0.000230809,2.569e-05,false
3,0.00731673,0.000237252,0.000196229,2.8703e-05,false
4,0.0180271,0.000141409,4.2554e-05,3.1474e-05,false
5,0.0148463,0.000159825,4.2893e-05,3.4864e-05,false
6,0.0164657,0.000125723,2.7007e-05,2.087e-05,false
7,0.0167808,0.000141405,2.4877e-05,2.0811e-05,false
8,0.0180791,0.000436934,2.8237e-05,2.8695e-05,false
9,0.0171369,0.000291341,9.7807e-05,8.149e-05,false
10,0.016772,0.000383304,8.7573e-05,8.9144e-05,false
11,0.0154551,0.000181346,2.9039e-05,2.363e-05,false
12,0.0169777,0.000330156,4.8474e-05,4.168e-05,false
13,0.0158467,0.000128939,2.3529e-05,1.9894e-05,false
14,0.0169546,0.000200205,3.6343e-05,3.1651e-05,false
15,0.0166038,0.000168883,3.1823e-05,1.9155e-05,false
16,0.0161835,0.000134827,2.7167e-05,1.8519e-05,false
17,0.0167272,0.000126902,2.8213e-05,1.9897e-05,false
18,0.0430784,0.000133096,3.0263e-05,2.6087e-05,false
19,0.000395146,0.000143342,2.1769e-05,1.1639e-05,false
20,0.0071912,0.000213608,3.4354e-05,2.2641e-05,false
21,0.0190655,0.000383883,6.0358e-05,3.794e-05,false
22,0.0155557,0.000838803,0.000122827,0.000135964,false
23,0.0170755,0.000444084,0.000122271,4.546e-05,false
24,0.0153972,0.000309378,5.8796e-05,4.2161e-05,false
25,0.0168882,0.000548268,0.000117974,0.000114215,false
26,0.0176433,0.00056041,7.5226e-05,6.249e-05,false
27,0.0148898,0.000204534,2.6978e-05,2.1465e-05,false
28,0.0160479,0.000182443,2.7714e-05,1.839e-05,false
29,0.0172141,0.000198078,2.7361e-05,1.8542e-05,false
30,0.0171643,0.000191781,2.9643e-05,2.0498e-05,false
31,0.0176561,0.000551071,0.0001322,0.000126913,false
32,0.0171693,0.000468641,5.615e-05,3.1633e-05,false
33,0.0162074,0.000786635,8.3156e-05,6.5998e-05,false
34,0.0159741,0.000598804,0.000114194,9.6325e-05,false
35,0.016159,0.000573994,4.3114e-05,3.7475e-05,false
36,0.0165385,0.000599333,3.5287e-05,3.2776e-05,false
37,0.0167039,0.00068398,4.2059e-05,4.9856e-05,false
38,0.0165949,0.000682047,3.99e-05,3.8396e-05,false
39,0.0167144,0.000623652,4.5594e-05,4.8488e-05,false
40,0.0172517,0.000565952,9.566e-05,3.8534e-05,false
41,0.016913,0.000553406,4.2926e-05,3.8121e-05,false
42,0.0162928,0.000387231,3.281e-05,2.5237e-05,false
43,0.015876,0.000381055,0.000107334,8.7734e-05,false
44,0.0163563,0.000238663,2.6263e-05,2.1403e-05,false
45,0.0179726,0.000225229,2.6847e-05,2.5535e-05,false
46,0.0153592,0.000189995,2.433e-05,1.9103e-05,false
47,0.0169941,0.000210985,3.1388e-05,4.1066e-05,false
48,0.0173877,0.000342817,7.4311e-05,5.9422e-05,false
49,0.0161519,0.00021416,2.5639e-05,2.1723e-05,false
50,0.0174744,0.000263026,2.9352e-05,3.6924e-05,false
51,0.0153226,0.000183159,2.3664e-05,1.9046e-05,false
52,0.0172345,0.000187975,2.9967e-05,2.9407e-05,false
53,0.0172855,0.000358332,7.04e-05,0.000103738,false
54,0.0160702,0.000210715,2.4872e-05,2.0706e-05,false
55,0.0165517,0.000195067,2.7916e-05,2.7933e-05,false
56,0.0174085,0.000364466,7.9444e-05,9.0475e-05,false
57,0.0162595,0.000195457,2.6638e-05,3.4219e-05,false
58,0.0165231,0.000185815,2.8236e-05,3.1899e-05,false
59,0.0164642,0.000283591,6.6563e-05,5.0684e-05,false
60,0.0169591,0.000286963,7.7458e-05,3.2455e-05,false
61,0.0160073,0.000188431,2.3512e-05,2.3245e-05,false
62,0.0173341,0.000215223,3.4983e-05,3.1833e-05,false
63,0.0157638,0.000180906,2.3776e-05,2.7092e-05,false
64,0.0172375,0.000272605,3.8366e-05,3.1658e-05,false
65,0.016959,0.00047457,0.000108956,9.6784e-05,false
66,0.0169648,0.000179193,2.4336e-05,2.0224e-05,false
67,0.0161435,0.000286801,3.9225e-05,3.1463e-05,false
68,0.0168914,0.000359024,7.1141e-05,6.1265e-05,false
69,0.0170445,0.000201014,2.4797e-05,2.7506e-05,false
70,0.0165122,0.000191573,3.3657e-05,2.9691e-05,false
71,0.0156758,0.000174011,2.3711e-05,1.9402e-05,false
72,0.0172446,0.000236465,3.5345e-05,5.3737e-05,false
73,0.0168745,0.000358967,8.2638e-05,8.5596e-05,false
74,0.0170844,0.000182402,2.3429e-05,1.8393e-05,false
75,0.0208967,0.000178954,2.6762e-05,2.7036e-05,false
76,0.0121029,0.000175003,2.7416e-05,2.2113e-05,false
77,0.017061,0.000297187,3.513e-05,4.4999e-05,false
78,0.0163638,0.000209479,2.9276e-05,3.0991e-05,false
79,0.0174356,0.000599134,8.9037e-05,8.8635e-05,false
80,0.0199135,0.000228625,2.7565e-05,2.844e-05,false
81,0.0135234,0.000362903,6.5313e-05,4.1177e-05,false
82,0.0161841,0.000326247,4.0788e-05,3.9357e-05,false
83,0.01728,0.000646442,4.31e-05,4.9066e-05,false
84,0.0165829,0.000415841,9.2734e-05,8.9239e-05,false
85,0.0203183,0.000218638,2.7326e-05,2.7571e-05,false
86,0.0123183,0.00029689,5.5641e-05,2.1809e-05,false
87,0.0169736,0.000658632,3.5969e-05,3.2818e-05,false
88,0.0169754,0.000611981,0.000112958,9.9428e-05,false
89,0.0158265,0.000242864,3.3027e-05,3.2502e-05,false
90,0.0200494,0.00023416,3.1035e-05,2.9878e-05,false
91,0.0142513,0.000540285,6.5935e-05,3.0151e-05,false
92,0.0167789,0.00044479,9.1927e-05,8.7177e-05,false
93,0.0159474,0.000524342,0.000105474,0.00010433,false
94,0.017597,0.000591034,0.000112339,6.329e-05,false
95,0.0191791,0.000215995,3.135e-05,3.7644e-05,false
96,0.0139431,0.00046404,6.5583e-05,4.818e-05,false
97,0.0157525,0.000285128,3.8271e-05,3.3903e-05,false
98,0.0175066,0.000563641,9.5486e-05,3.3419e-05,false
99,0.0167797,0.000543738,0.000100231,8.7081e-05,false
100,0.0197978,0.000367425,3.418e-05,3.1805e-05,false
101,0.0127829,0.000520174,0.000104704,0.000108399,false
102,0.0171433,0.000653185,4.334e-05,3.8556e-05,false
103,0.016578,0.000517495,9.8394e-05,9.9942e-05,false
104,0.0171767,0.000646546,4.3921e-05,3.713e-05,false
105,0.0182808,0.000219563,3.0854e-05,2.8929e-05,false
106,0.0147991,0.000366256,6.936e-05,9.1929e-05,false
107,0.0171856,0.00061192,5.3431e-05,3.7326e-05,false
108,0.0160059,0.000541656,9.1091e-05,8.4507e-05,false
109,0.0167669,0.000230757,3.357e-05,2.5608e-05,false
110,0.0203067,0.0002664,2.8654e-05,3.7572e-05,false
111,0.0134835,0.000230348,3.4049e-05,2.6246e-05,false
112,0.0167206,0.000267689,3.4647e-05,3.8739e-05,false
113,0.0155306,0.000263323,2.9918e-05,2.2263e-05,false
114,0.018568,0.000333706,4.8003e-05,5.476e-05,false
115,0.0160343,0.000195701,2.4687e-05,2.0026e-05,false
116,0.0164755,0.000360689,4.279e-05,3.9625e-05,false
117,0.0163051,0.000318289,3.2698e-05,2.4954e-05,false
118,0.0165095,0.000223283,5.7613e-05,3.4658e-05,false
119,0.0161995,0.000250808,5.5718e-05,3.5177e-05,false
120,0.0209955,0.000281419,3.4223e-05,3.259e-05,false
121,0.0133389,0.000637352,5.4919e-05,3.7953e-05,false
122,0.0171852,0.000645027,4.1748e-05,5.052e-05,false
123,0.0153718,0.000246464,3.5932e-05,3.2834e-05,false
124,0.0175901,0.000372811,9.0183e-05,8.5673e-05,false
125,0.0182936,0.000241491,3.1088e-05,2.3964e-05,false
126,0.0146379,0.00061919,4.5798e-05,4.7906e-05,false
127,0.0174605,0.00064821,4.4338e-05,6.1e-05,false
128,0.0159487,0.000634585,5.3594e-05,3.9291e-05,false
129,0.0166479,0.000605143,4.2571e-05,4.8408e-05,false
130,0.0197009,0.000294216,3.4103e-05,3.2096e-05,false
131,0.014155,0.000501601,9.7095e-05,6.0888e-05,false
132,0.0167981,0.0006345,4.4432e-05,5.3129e-05,false
133,0.0166939,0.000625616,5.4284e-05,4.9318e-05,false
134,0.0167139,0.000479527,9.476e-05,6.2887e-05,false
135,0.0202767,0.00029965,3.3259e-05,2.6443e-05,false
136,0.0126528,0.000586952,9.647e-05,9.1417e-05,false
137,0.0164254,0.000548796,6.9499e-05,4.7843e-05,false
138,0.0171272,0.000495606,9.5537e-05,0.000100413,false
139,0.0169133,0.000526922,7.0125e-05,4.1135e-05,false
140,0.0157184,0.000482596,9.9361e-05,3.4431e-05,false
141,0.0208042,0.00025871,3.3248e-05,3.294e-05,false
142,0.0119216,0.000211461,7.2556e-05,2.5574e-05,false
143,0.0179863,0.000587745,4.3523e-05,3.9685e-05,false
144,0.0165568,0.000576296,5.9733e-05,3.7181e-05,false
145,0.0170835,0.000441872,4.2353e-05,3.7801e-05,false
146,0.0192204,0.000210936,3.4418e-05,4.0761e-05,false
147,0.0134262,0.00043978,9.2572e-05,4.8707e-05,false
148,0.0168098,0.000442664,9.8849e-05,5.482e-05,false
149,0.016859,0.000588765,4.2517e-05,3.8287e-05,false
150,0.0169598,0.000503496,4.2084e-05,3.7324e-05,false
151,0.0201821,0.000206688,3.3973e-05,3.1497e-05,false
152,0.0125825,0.000443854,9.8274e-05,4.7908e-05,false
153,0.0167387,0.00046056,8.6907e-05,4.1507e-05,false
154,0.0168426,0.000464699,5.1574e-05,4.9266e-05,false
155,0.0171299,0.000427527,4.2108e-05,3.7177e-05,false
156,0.0203113,0.00020971,3.4053e-05,3.2245e-05,false
157,0.0124258,0.000457425,9.6968e-05,4.1465e-05,false
158,0.0169318,0.000426389,9.4331e-05,9.6118e-05,false
159,0.0167492,0.000458198,4.8802e-05,6.1174e-05,false
160,0.0171738,0.00037573,4.2298e-05,3.835e-05,false
161,0.0193977,0.000207217,3.4292e-05,3.3113e-05,false
162,0.0134067,0.000607924,4.1126e-05,3.7861e-05,false
163,0.0168317,0.000397618,9.702e-05,9.9189e-05,false
164,0.0169527,0.000560956,4.2059e-05,3.7814e-05,false
165,0.0164954,0.000490629,4.2264e-05,4.8326e-05,false
166,0.0202776,0.000205194,3.3369e-05,2.683e-05,false
167,0.0132985,0.000578444,5.0871e-05,5.0069e-05,false
168,0.016731,0.000451545,9.4022e-05,4.1297e-05,false
169,0.0157692,0.000593805,4.3895e-05,3.8319e-05,false
170,0.0178301,0.000269448,4.2213e-05,3.7849e-05,false
171,0.0194294,0.000204199,3.393e-05,3.2724e-05,false
172,0.0136076,0.000638642,4.4108e-05,3.7521e-05,false
173,0.0163938,0.000611853,4.4155e-05,4.8363e-05,false
174,0.016664,0.000590503,5.5536e-05,3.884e-05,false
175,0.0167904,0.000398638,4.2444e-05,3.7669e-05,false
176,0.0195332,0.00021361,3.3742e-05,3.2491e-05,false
177,0.0131698,0.00047709,6.2418e-05,5.1658e-05,false
178,0.017315,0.000436506,4.3071e-05,5.0527e-05,false
179,0.0166772,0.000455613,7.1189e-05,4.8228e-05,false
180,0.0172311,0.000357748,4.2161e-05,3.7518e-05,false
181,0.0193639,0.000209881,3.3346e-05,2.6935e-05,false
182,0.0133907,0.000439722,7.6379e-05,3.9899e-05,false
183,0.0166555,0.000176866,3.5962e-05,3.2682e-05,false
184,0.0165041,0.000299957,0.000114635,8.0985e-05,false
185,0.0177625,0.000416362,4.2614e-05,3.7611e-05,false
186,0.019536,0.000208541,3.5954e-05,3.2907e-05,false
187,0.0131799,0.000497532,5.0453e-05,5.1543e-05,false
188,0.0170912,0.000382414,5.325e-05,3.7795e-05,false
189,0.0163669,0.000415575,4.4932e-05,3.7783e-05,false
190,0.0202506,0.000214968,3.4119e-05,3.1474e-05,false
191,0.0127689,0.000619591,5.1577e-05,4.7285e-05,false
192,0.0168185,0.000443601,0.000136814,5.1535e-05,false
193,0.0167665,0.000442068,0.000103486,6.5883e-05,false
194,0.0169377,0.00045902,6.3511e-05,4.0391e-05,false
195,0.0161438,0.000382777,4.3981e-05,3.7609e-05,false
196,0.0189449,0.000186057,2.8907e-05,2.2673e-05,false
197,0.0146272,0.0002043,3.2251e-05,3.7872e-05,false
198,0.0161805,0.000299321,4.9383e-05,3.2371e-05,false
199,0.0496696,0.000262054,4.2654e-05,3.7187e-05,false
200,0.00910592,0.000177897,3.4226e-05,3.0895e-05,false
201,0.00663362,0.000440851,0.000116812,5.5081e-05,false
202,0.0186777,0.000460772,9.3531e-05,5.3864e-05,false
203,0.0157811,0.000568095,5.1572e-05,3.8057e-05,false
204,0.0169087,0.000543134,4.315e-05,3.7113e-05,false
205,0.0206088,0.000225991,4.2164e-05,3.8019e-05,false
206,0.0131863,0.000445158,9.9083e-05,5.2883e-05,false
207,0.0168573,0.000534999,4.3396e-05,3.8148e-05,false
208,0.0168326,0.000517839,4.2692e-05,3.7552e-05,false
209,0.016153,0.000353405,4.2251e-05,3.6883e-05,false
210,0.0204505,0.000208781,3.4204e-05,4.0581e-05,false
211,0.0133569,0.000460608,9.8663e-05,4.9353e-05,false
212,0.0166631,0.000290497,4.2115e-05,3.7651e-05,false
213,0.0166028,0.000475131,0.00010292,4.1425e-05,false
214,0.0169009,0.000503865,4.294e-05,3.7582e-05,false
215,0.0158927,0.000644415,4.3684e-05,3.8515e-05,false
216,0.0168282,0.000601937,5.3885e-05,3.7355e-05,false
217,0.016334,0.000639062,4.025e-05,3.6084e-05,false
218,0.0174762,0.000394509,3.6337e-05,3.1403e-05,false
219,0.0174965,0.000542094,9.581e-05,4.1556e-05,false
220,0.0156207,0.000580478,5.5942e-05,4.0062e-05,false
221,0.0154474,0.000630636,4.518e-05,5.0873e-05,false
222,0.0174009,0.000497275,0.000129352,4.9631e-05,false
223,0.0167859,0.000630524,5.4284e-05,5.0677e-05,false
224,0.0169328,0.0005608,4.3017e-05,3.717e-05,false
225,0.0162361,0.000657627,4.3364e-05,6.3852e-05,false
226,0.0168281,0.0006138,4.4721e-05,4.8121e-05,false
227,0.0168355,0.000590109,5.2421e-05,3.7021e-05,false
228,0.016746,0.000673176,4.3609e-05,3.6944e-05,false
229,0.016796,0.000632519,4.2845e-05,4.9142e-05,false
230,0.0167914,0.000629539,4.3558e-05,3.677e-05,false
231,0.0168522,0.000570172,4.3244e-05,3.7156e-05,false
232,0.0163269,0.00057282,4.2821e-05,3.5825e-05,false
233,0.0166422,0.000561946,4.4071e-05,4.7479e-05,false
234,0.0168409,0.000535774,5.3263e-05,3.7028e-05,false
235,0.0167934,0.000518304,7.2191e-05,4.7943e-05,false
236,0.0159063,0.000563311,4.3396e-05,3.9237e-05,false
237,0.0179262,0.00044173,5.5977e-05,3.9673e-05,false
238,0.0157081,0.000634806,4.3127e-05,3.778e-05,false
239,0.0168754,0.000526365,6.5032e-05,4.7611e-05,false
240,0.0168173,0.000611502,4.332e-05,3.6663e-05,false
241,0.0168009,0.000578477,5.3954e-05,3.648e-05,false
242,0.0173503,0.000156041,3.0739e-05,3.8275e-05,false
243,0.015369,0.000382762,0.00010492,0.000107191,false
244,0.0170045,0.000561232,4.5586e-05,3.8557e-05,false
245,0.0168416,0.000639134,4.255e-05,3.6805e-05,false
246,0.0167636,0.000633261,4.2608e-05,3.6464e-05,false
247,0.0169105,0.000552457,4.3039e-05,3.8039e-05,false
248,0.0168205,0.000639657,4.521e-05,3.8752e-05,false
249,0.016047,0.00016719,3.2681e-05,3.2468e-05,false
250,0.0170441,0.00037387,0.000104116,9.2778e-05,false
251,0.0158656,0.000128336,2.329e-05,1.5177e-05,false
252,0.0162586,0.000162925,2.9162e-05,2.8552e-05,false
253,0.017249,0.000241647,6.6356e-05,6.2299e-05,false
254,0.0159356,0.000152433,2.4625e-05,1.9523e-05,false
255,0.0169344,0.000135201,2.7138e-05,3.3155e-05,false
256,0.0171614,0.000186779,7.884e-05,5.9711e-05,false
257,0.0159467,0.000154148,2.5151e-05,2.1556e-05,false
258,0.0171285,0.000159168,2.9258e-05,2.8964e-05,false
259,0.0170876,0.000177156,3.5213e-05,2.169e-05,false
260,0.0161502,0.000149336,2.7975e-05,2.1669e-05,false
261,0.017621,0.000167307,3.9587e-05,3.796e-05,false
262,0.0158064,0.000142984,2.5271e-05,1.9716e-05,false
263,0.0177363,0.000598225,5.9966e-05,3.2801e-05,false
264,0.0169285,0.000574238,4.2172e-05,3.6234e-05,false
265,0.0169049,0.000487566,4.2859e-05,3.6617e-05,false
266,0.0158008,0.000463022,7.3869e-05,3.4926e-05,false
267,0.0169075,0.000425173,5.4552e-05,3.7505e-05,false
268,0.0167818,0.000529764,4.1238e-05,3.8859e-05,false
269,0.0167718,0.000571547,4.485e-05,7.2928e-05,false
270,0.0168026,0.000566288,5.4005e-05,3.6935e-05,false
271,0.0167923,0.000488708,6.553e-05,4.0329e-05,false
272,0.0206995,0.000205625,3.3357e-05,2.838e-05,false
273,0.012071,0.000315758,4.3588e-05,3.3093e-05,false
274,0.0160538,0.000324457,3.3656e-05,4.2039e-05,false
275,0.0179081,0.000301094,3.6025e-05,4.3744e-05,false
276,0.0170997,0.000318011,3.4853e-05,4.3432e-05,false
277,0.0182377,0.000174547,3.3168e-05,3.2188e-05,false
278,0.013402,0.000211676,4.2452e-05,3.467e-05,false
279,0.0172412,0.000292172,3.5338e-05,3.1562e-05,false
280,0.0172673,0.000194396,4.3289e-05,3.7385e-05,false
281,0.0160074,0.000430689,0.000118137,0.000102591,false
282,0.0194616,0.00031218,3.093e-05,3.679e-05,false
283,0.0140914,0.000347319,3.4959e-05,4.381e-05,false
284,0.0160436,0.000475385,3.819e-05,4.5037e-05,false
285,0.0166565,0.00030183,3.7455e-05,4.3836e-05,false
286,0.0178618,0.000297988,3.3549e-05,3.3623e-05,false
287,0.0250632,0.000142522,3.2587e-05,3.4289e-05,false
288,0.00872409,0.000291528,6.4718e-05,4.8765e-05,false
289,0.0155991,0.000244274,4.0994e-05,3.2553e-05,false
290,0.0169682,0.000437498,8.8147e-05,9.0517e-05,false
291,0.0163228,0.000260628,4.4202e-05,3.4426e-05,false
292,0.0197858,0.000186586,3.084e-05,2.9781e-05,false
293,0.0130671,0.00014225,2.3914e-05,2.5385e-05,false
294,0.0174938,0.00021578,4.8283e-05,3.6821e-05,false
295,0.0152444,0.000174412,2.4395e-05,2.0098e-05,false
296,0.0178182,0.000545631,8.2417e-05,3.8375e-05,false
297,0.0203153,0.000205522,3.3567e-05,3.0764e-05,false
298,0.0138426,0.000557474,4.2575e-05,3.8183e-05,false
299,0.0167672,0.000574291,5.678e-05,3.7452e-05,false
300,0.015642,0.000570602,4.3278e-05,3.803e-05,false
301,0.0165857,0.000590629,5.3442e-05,3.7828e-05,false
302,0.00508651,0.000586121,4.3053e-05,3.863e-05,false
303,0.0203093,0.000210759,3.3428e-05,2.7026e-05,false
304,0.0130937,0.000617251,4.2671e-05,3.8284e-05,false
305,0.0166423,0.000551435,3.6204e-05,3.2887e-05,false
306,0.0165925,0.000620686,4.1755e-05,4.8326e-05,false
307,0.0169227,0.000582554,5.4318e-05,3.7958e-05,false
308,0.0200045,0.000176132,3.3572e-05,3.1248e-05,false
309,0.0132422,0.000442193,4.3186e-05,4.8901e-05,false
310,0.0162947,0.000575015,5.3454e-05,3.7946e-05,false
311,0.0172791,0.000560938,5.348e-05,3.9694e-05,false
312,0.0166096,0.000571092,4.3331e-05,3.8135e-05,false
313,0.0201897,0.000263017,3.4303e-05,3.3148e-05,false
314,0.0132554,0.000461208,6.9986e-05,4.705e-05,false
315,0.0165421,0.000573329,4.2812e-05,3.7981e-05,false
316,0.0166238,0.000467266,6.7447e-05,3.8442e-05,false
317,0.0168368,0.000570362,4.3857e-05,3.798e-05,false
318,0.018907,0.000217479,3.4312e-05,3.2238e-05,false
319,0.0141702,0.000477166,6.3279e-05,6.2479e-05,false
320,0.0170066,0.000538246,4.2606e-05,3.8185e-05,false
321,0.0154145,0.000619422,5.3336e-05,3.7725e-05,false
322,0.0168504,0.000660841,4.2618e-05,3.7994e-05,false
323,0.0213524,0.000271488,3.4128e-05,3.1709e-05,false
324,0.0120464,0.000633284,4.1748e-05,3.7994e-05,false
325,0.016661,0.000582249,4.2483e-05,4.9951e-05,false
326,0.0173815,0.000548607,0.000101658,4.6455e-05,false
327,0.0158639,0.000585457,5.3346e-05,3.7601e-05,false
328,0.0205266,0.000217869,3.4746e-05,3.0922e-05,false
329,0.0139853,0.000566544,4.2781e-05,4.6141e-05,false
330,0.0168603,0.000564603,4.3274e-05,3.6294e-05,false
331,0.0155584,0.000625978,4.2088e-05,3.7881e-05,false
332,0.0217146,0.000393138,4.2348e-05,3.7501e-05,false
333,0.0154717,0.000177206,3.3125e-05,2.5902e-05,false
334,0.0129308,0.000613533,4.3302e-05,3.9529e-05,false
335,0.0167318,0.000602349,5.32e-05,3.8256e-05,false
336,0.0213323,0.000558134,4.2852e-05,3.8006e-05,false
337,0.0169207,0.000428614,4.2297e-05,3.755e-05,false
338,0.0196007,0.00020562,3.4402e-05,4.0364e-05,false
339,0.00957376,0.000546883,5.4125e-05,3.7437e-05,false
340,0.0159747,0.000604997,4.4385e-05,4.8504e-05,false
341,0.0216483,0.00060834,3.9724e-05,3.3803e-05,false
342,0.0169506,0.000380867,4.2412e-05,3.7315e-05,false
343,0.0196896,0.000257815,4.2153e-05,3.8065e-05,false
344,0.00847021,0.00052928,4.5884e-05,3.881e-05,false
345,0.0212197,0.000458862,5.3138e-05,3.7306e-05,false
346,0.0130431,0.000468563,8.2535e-05,4.8116e-05,false
347,0.0207401,0.0004925,4.2026e-05,3.7369e-05,false
348,0.0152403,0.000175941,3.3705e-05,3.2349e-05,false
349,0.0140553,0.000608342,4.3088e-05,3.8164e-05,false
350,0.0206311,0.000533984,4.4291e-05,3.9213e-05,false
351,0.0167518,0.000377593,4.5223e-05,5.2891e-05,false
352,0.0167099,0.000341511,4.2467e-05,3.6569e-05,false
353,0.0202521,0.000211877,3.3521e-05,3.2045e-05,false
354,0.0127649,0.000567904,4.3124e-05,3.8215e-05,false
355,0.016853,0.000562573,4.3113e-05,3.7789e-05,false
356,0.0168245,0.000346461,4.222e-05,4.4871e-05,false
357,0.0203879,0.000209342,3.3891e-05,3.9848e-05,false
358,0.0125584,0.000574142,4.3088e-05,3.7734e-05,false
359,0.0170071,0.000461145,6.5724e-05,3.9418e-05,false
360,0.0165252,0.000511923,4.3857e-05,3.8195e-05,false
361,0.0170212,0.00048952,4.3033e-05,3.707e-05,false
362,0.0174362,0.000226463,4.7423e-05,4.1538e-05,false
363,0.0171871,0.000162677,2.5576e-05,2.0451e-05,false
364,0.0108087,0.000575411,5.3402e-05,3.6435e-05,false
365,0.0165766,0.000595829,5.4468e-05,3.7916e-05,false
366,0.0213402,0.000579631,4.3042e-05,3.7749e-05,false
367,0.0168987,0.000311096,4.4701e-05,3.9348e-05,false
368,0.0199278,0.000207335,3.4369e-05,3.1784e-05,false
369,0.0087003,0.000518324,9.8976e-05,9.2342e-05,false
370,0.0213451,0.000435929,5.3231e-05,5.0142e-05,false
371,0.0159686,0.000510025,9.7722e-05,9.0718e-05,false
372,0.0126512,0.00059096,5.5568e-05,3.9922e-05,false
373,0.0247302,0.000257853,4.2513e-05,3.7194e-05,false
374,0.00875711,0.000501317,4.3198e-05,3.8065e-05,false
375,0.0212023,0.000433352,0.000119945,7.866e-05,false
376,0.016558,0.000522804,4.6536e-05,4.164e-05,false
377,0.0163989,0.000545352,4.3713e-05,3.7883e-05,false
378,0.0202113,0.000211126,3.566e-05,3.4044e-05,false
379,0.013758,0.000484459,4.2929e-05,3.8235e-05,false
380,0.0164707,0.000443093,0.000100984,5.1528e-05,false
381,0.0162805,0.000598045,4.3659e-05,3.7101e-05,false
382,0.0172892,0.000591571,5.3342e-05,4.1668e-05,false
383,0.0200766,0.000213767,3.6404e-05,4.0557e-05,false
384,0.0129674,0.000568211,5.5136e-05,3.8845e-05,false
385,0.0162919,0.000442067,0.000105564,4.9606e-05,false
386,0.0174812,0.000351395,4.5309e-05,3.8705e-05,false
387,0.0162569,0.000642946,4.3104e-05,3.7181e-05,false
388,0.0197487,0.000205283,3.3561e-05,3.2699e-05,false
389,0.0096516,0.000576615,4.614e-05,5.2535e-05,false
390,0.0203908,0.000621196,4.2984e-05,3.8569e-05,false
391,0.0172535,0.000606302,5.3428e-05,5.0572e-05,false
392,0.0160042,0.000423658,9.7105e-05,8.4267e-05,false
393,0.0217676,0.000209446,3.5517e-05,2.6421e-05,false
394,0.0114555,0.000587024,5.4423e-05,3.8502e-05,false
395,0.016825,0.00063697,5.197e-05,5.0086e-05,false
396,0.0174768,0.00062467,4.2917e-05,3.8752e-05,false
397,0.0164335,0.000392965,0.000108286,0.000104002,false
398,0.0202295,0.000288034,3.3583e-05,3.335e-05,false
399,0.0125047,0.000447339,0.000103899,6.8434e-05,false
400,0.0173123,0.000325942,4.2227e-05,3.8585e-05,false
401,0.0168372,0.000450022,0.000109746,8.1084e-05,false
402,0.016609,0.000566425,4.4176e-05,5.1602e-05,false
403,0.0165264,0.000412864,0.000106163,0.000151583,false
404,0.0164364,0.000591555,5.5659e-05,3.8839e-05,false
405,0.0163328,0.000614117,4.3371e-05,3.7892e-05,false
406,0.0174387,0.000456423,0.000122336,5.2494e-05,false
407,0.012205,0.000423215,0.000108566,0.000102007,false
408,0.0213715,0.000465978,0.000105459,6.9777e-05,false
409,0.0164729,0.000606117,5.541e-05,3.842e-05,false
410,0.0164709,0.000636611,4.4303e-05,3.8727e-05,false
411,0.016433,0.000440049,0.000102523,8.8612e-05,false
412,0.0172682,0.000500796,4.5831e-05,3.9792e-05,false
413,0.0163918,0.000580272,4.4878e-05,3.8377e-05,false
414,0.0170541,0.000487354,8.9754e-05,4.0447e-05,false
415,0.0164033,0.000607382,5.4592e-05,5.1833e-05,false
416,0.0161652,0.000580322,0.000108525,3.4112e-05,false
417,0.0174459,0.000661657,4.3342e-05,3.8309e-05,false
418,0.0163819,0.000632941,4.3514e-05,3.9244e-05,false
419,0.0172362,0.000544909,4.4795e-05,3.8449e-05,false
420,0.0154925,0.00043326,6.8481e-05,4.3743e-05,false
421,0.0176666,0.00040623,4.2819e-05,5.154e-05,false
422,0.0172797,0.000269443,3.7198e-05,3.4777e-05,false
423,0.0153396,0.00014028,3.1017e-05,2.9102e-05,false
424,0.016258,0.00014732,2.7821e-05,2.0407e-05,false
425,0.0164966,0.000343305,9.4408e-05,9.2302e-05,false
426,0.0174679,0.000640975,4.3913e-05,3.7522e-05,false
427,0.0169941,0.000654344,4.2572e-05,3.8008e-05,false
428,0.0163416,0.00047893,8.6864e-05,4.1422e-05,false
429,0.0163703,0.000463619,0.000111358,0.000103648,false
430,0.0172721,0.000601172,5.4747e-05,3.9154e-05,false
431,0.0164469,0.000571783,5.4185e-05,3.8939e-05,false
432,0.0163171,0.000618039,4.3415e-05,3.8061e-05,false
433,0.0177246,0.000495675,4.6033e-05,5.0146e-05,false
434,0.0163448,0.000674614,4.3654e-05,5.0495e-05,false
435,0.0164671,0.000640814,4.4704e-05,3.7314e-05,false
436,0.0164649,0.000612601,4.6907e-05,5.061e-05,false
437,0.0163345,0.000631439,4.4459e-05,3.8011e-05,false
438,0.0176728,0.000545019,4.3107e-05,3.7184e-05,false
439,0.016398,0.000639227,4.3552e-05,3.7682e-05,false
440,0.016407,0.000653168,4.4206e-05,3.8643e-05,false
441,0.0162174,0.000490297,4.5948e-05,4.8548e-05,false
442,0.0173143,0.000511646,9.0111e-05,4.1671e-05,false
443,0.0164323,0.000626675,4.3594e-05,3.7734e-05,false
444,0.0170904,0.000452199,4.3295e-05,3.7494e-05,false
445,0.0161908,0.000492168,0.000114631,4.4505e-05,false
446,0.017221,0.000634339,4.3725e-05,3.8589e-05,false
447,0.0163531,0.000639849,5.3859e-05,5.1701e-05,false
448,0.0163242,0.000603721,4.4489e-05,4.0189e-05,false
449,0.0173467,0.000500259,7.866e-05,4.8847e-05,false
450,0.016676,0.000487559,4.542e-05,4.0146e-05,false
451,0.0160168,0.000560037,4.3437e-05,3.8198e-05,false
452,0.0174718,0.000502798,4.571e-05,3.9182e-05,false
453,0.0162732,0.00067338,4.4081e-05,4.975e-05,false
454,0.0166995,0.000515088,4.6472e-05,3.9035e-05,false
455,0.0162748,0.000656292,5.3412e-05,3.9489e-05,false
456,0.0164736,0.000613301,4.4354e-05,3.8789e-05,false
457,0.0174753,0.000616755,4.2972e-05,3.8888e-05,false
458,0.0163892,0.000663054,4.4693e-05,3.8132e-05,false
459,0.0165058,0.000462194,4.5465e-05,4.9057e-05,false
460,0.0175066,0.000528388,4.6135e-05,4.1467e-05,false
461,0.0164418,0.000564549,4.542e-05,3.9512e-05,false
462,0.0162636,0.000515673,4.3668e-05,3.791e-05,false
463,0.0162006,0.000629959,5.4403e-05,3.8347e-05,false
464,0.0174854,0.000498492,5.3408e-05,3.8555e-05,false
465,0.0167481,0.000446017,4.4618e-05,3.8175e-05,false
466,0.0163107,0.000620203,4.4247e-05,5.1231e-05,false
467,0.0160226,0.000544899,4.6408e-05,3.9925e-05,false
468,0.0172558,0.000628629,4.4633e-05,3.8053e-05,false
469,0.0164575,0.000654302,4.406e-05,3.987e-05,false
470,0.0173174,0.000617097,4.4003e-05,3.9277e-05,false
471,0.0169308,0.000400855,4.4962e-05,3.8803e-05,false
472,0.0163087,0.000594339,4.4239e-05,3.8734e-05,false
473,0.0166213,0.000533532,4.576e-05,3.8291e-05,false
474,0.0163504,0.000503973,4.418e-05,5.4223e-05,false
475,0.0173579,0.000501724,9.2275e-05,4.079e-05,false
476,0.0161529,0.000615394,4.7064e-05,4.0315e-05,false
477,0.0166216,0.000426986,5.6355e-05,3.8507e-05,false
478,0.0173579,0.000490094,5.4179e-05,3.8041e-05,false
479,0.0164869,0.000502804,5.3267e-05,5.2764e-05,false
480,0.0163874,0.000434394,4.2869e-05,3.702e-05,false
481,0.0163547,0.000631567,5.5264e-05,3.8371e-05,false
482,0.0175724,0.000468762,4.3138e-05,3.8428e-05,false
483,0.0163809,0.000612185,4.4077e-05,3.723e-05,false
484,0.0164017,0.000468629,4.5131e-05,3.8189e-05,false
485,0.0162907,0.000630994,4.3905e-05,4.9809e-05,false
486,0.01753,0.000590303,4.3948e-05,3.7783e-05,false
487,0.0168447,0.000395693,4.4142e-05,3.9253e-05,false
488,0.0163362,0.000505957,4.3144e-05,3.9327e-05,false
489,0.0169767,0.000293998,4.4554e-05,3.9499e-05,false
490,0.0163718,0.000591893,4.3997e-05,3.9066e-05,false
491,0.0161585,0.000478685,4.6187e-05,3.8538e-05,false
492,0.0175831,0.000483152,4.4852e-05,3.8621e-05,false
493,0.0165689,0.0004148,5.4422e-05,3.7501e-05,false
494,0.0157372,0.000488693,6.8759e-05,3.9597e-05,false
495,0.0180398,0.000655174,4.0596e-05,3.8876e-05,false
496,0.015405,0.000554389,4.5073e-05,3.8633e-05,false
497,0.0174132,0.0004716,4.1458e-05,3.77e-05,false
498,0.0164128,0.000615097,4.6594e-05,5.3025e-05,false
499,0.0164194,0.000568846,4.5485e-05,3.8947e-05,false
500,0.0163465,0.000483583,4.2915e-05,3.7482e-05,false
501,0.0183722,0.000250493,3.6371e-05,3.2732e-05,false
502,0.0160021,0.000588593,3.6758e-05,3.48e-05,false
503,0.0162744,0.000596081,4.3311e-05,3.8504e-05,false
504,0.0163136,0.000449774,5.5024e-05,3.7618e-05,false
505,0.0166923,0.00058118,4.4172e-05,3.9866e-05,false
506,0.0163383,0.000491097,4.8429e-05,5.943e-05,false
507,0.0174451,0.000623963,4.2871e-05,3.797e-05,false
508,0.0163939,0.000478934,5.8474e-05,5.8855e-05,false
509,0.0165424,0.000480808,5.2832e-05,3.8543e-05,false
510,0.0179067,0.000537262,4.4005e-05,0.00013236,false
511,0.0152403,0.000178897,2.991e-05,3.6059e-05,false
512,0.0167664,0.000566796,4.2766e-05,3.8221e-05,false
513,0.0170804,0.000360179,4.2376e-05,3.7915e-05,false
514,0.0168906,0.000468703,4.5456e-05,5.0036e-05,false
515,0.0164029,0.000472285,4.2998e-05,3.8934e-05,false
516,0.0166682,0.000405314,4.329e-05,3.9052e-05,false
517,0.0163106,0.000483082,5.3527e-05,4.8635e-05,false
518,0.0177865,0.000535414,4.5892e-05,3.9529e-05,false
519,0.017043,0.000684787,3.632e-05,3.3492e-05,false
520,0.0199513,0.000548216,4.4013e-05,3.9368e-05,false
521,0.0158602,0.000625998,4.4012e-05,3.9e-05,false
522,0.0133812,0.00047051,4.3524e-05,3.7576e-05,false
523,0.0165794,0.000453897,4.2964e-05,3.7157e-05,false
524,0.0164972,0.000562253,4.3272e-05,3.7138e-05,false
525,0.0163433,0.000599303,4.3838e-05,3.8628e-05,false
526,0.0175392,0.000512974,4.5366e-05,3.8451e-05,false
527,0.0163942,0.000542701,4.3098e-05,3.8121e-05,false
528,0.0162405,0.000591696,4.434e-05,3.8119e-05,false
529,0.0180757,0.000673628,4.3155e-05,3.8582e-05,false
530,0.0154195,0.000632672,4.3474e-05,4.9982e-05,false
531,0.0163504,0.000478037,4.512e-05,4.9988e-05,false
532,0.0172895,0.000496408,5.3878e-05,3.6959e-05,false
533,0.0165032,0.00058437,4.4485e-05,3.9658e-05,false
534,0.0158639,0.00019121,2.9708e-05,2.9642e-05,false
535,0.0177303,0.000404417,3.4773e-05,3.2395e-05,false
536,0.0164681,0.000495475,5.4928e-05,3.9347e-05,false
537,0.0161542,0.000531812,4.4436e-05,3.868e-05,false
538,0.0175561,0.000518842,4.2866e-05,3.8121e-05,false
539,0.0164601,0.000531963,4.5148e-05,3.8884e-05,false
540,0.0163039,0.000518631,4.4297e-05,3.7662e-05,false
541,0.0174071,0.000565956,4.313e-05,3.8378e-05,false
542,0.01616,0.000488786,4.6319e-05,3.977e-05,false
543,0.0160718,0.000405476,4.2101e-05,4.98e-05,false
544,0.0173335,0.000442197,4.5595e-05,3.799e-05,false
545,0.0163117,0.000618719,4.3619e-05,3.8241e-05,false
546,0.0174077,0.000585292,4.3975e-05,3.8556e-05,false
547,0.0163824,0.000579721,4.3075e-05,3.7736e-05,false
548,0.016953,0.000582497,4.3918e-05,3.8211e-05,false
549,0.0173426,0.000337142,4.4356e-05,5.2579e-05,false
550,0.01541,0.00043981,4.5238e-05,3.8988e-05,false
551,0.0174738,0.000552174,4.2843e-05,3.787e-05,false
552,0.0163576,0.000586518,4.3503e-05,3.8413e-05,false
553,0.0167602,0.000329786,4.4626e-05,3.8627e-05,false
554,0.0160513,0.000528994,4.2962e-05,3.8983e-05,false
555,0.0175388,0.000428241,4.4252e-05,3.8413e-05,false
556,0.0163071,0.000586653,4.3078e-05,3.7526e-05,false
557,0.0164765,0.000591224,4.6172e-05,3.8012e-05,false
558,0.0163642,0.000561418,4.407e-05,3.7734e-05,false
559,0.0175806,0.000552114,4.5184e-05,3.8636e-05,false
560,0.0163046,0.000588733,4.4011e-05,3.8054e-05,false
561,0.0163164,0.000428481,4.3449e-05,3.8765e-05,false
562,0.0173893,0.000646551,4.3656e-05,5.2219e-05,false
563,0.0158515,0.000504858,4.7265e-05,5.4477e-05,false
564,0.0174574,0.000620032,5.9243e-05,3.8112e-05,false
565,0.0166134,0.00052263,4.5506e-05,4.0562e-05,false
566,0.0162437,0.000545056,4.3272e-05,3.863e-05,false
567,0.0171136,0.000453938,3.4044e-05,3.2522e-05,false
568,0.0165414,0.000416716,4.3821e-05,3.8606e-05,false
569,0.0163737,0.000560547,4.3388e-05,3.7811e-05,false
570,0.0163156,0.000615473,5.3693e-05,3.7827e-05,false
